plant,year_week,year,week,week_lop,training_weeks,lag,case,ww_level,ww_lagged,predicted_cases,lower_pi,upper_pi,squared_prediction_error,within_95_pi
Bromma,2023-35,2023,35,192,5,1,149,1.15693633825745,2.85313770067192,1083.8488399955374,425,2795,873942.353641002,FALSE
Bromma,2023-36,2023,36,193,5,1,189,1.55420776305766,1.15693633825745,93.08495908008241,73,115,9199.695074669466,FALSE
Bromma,2023-37,2023,37,194,5,1,202,1.00273419331311,1.55420776305766,131.95062088323243,108,157,4906.915514644632,FALSE
Bromma,2023-38,2023,38,195,5,1,204,0.912007056376607,1.00273419331311,147.82210878166393,121,176,3155.955461739201,FALSE
Bromma,2023-39,2023,39,196,5,1,162,1.36992488510897,0.912007056376607,189.53337806162037,158,223,758.0869074841178,TRUE
Bromma,2023-40,2023,40,197,5,1,176,0.74554300857727,1.36992488510897,183.07561380667417,154,213,50.064310741198135,TRUE
Bromma,2023-41,2023,41,198,5,1,207,1.00379983865123,0.74554300857727,175.1659248253419,141,213,1013.4083422257829,TRUE
Bromma,2023-42,2023,42,199,5,1,260,1.0219004676237,1.00379983865123,190.31814989532168,161,221,4855.560234010858,FALSE
Bromma,2023-43,2023,43,200,5,1,391,9.0330916798293,1.0219004676237,201.15669479911298,171,233,36040.48052959714,FALSE
Bromma,2023-44,2023,44,201,5,1,593,6.67595928146734,9.0330916798293,106.94158460721286,11,1023,236252.78317414722,TRUE
Bromma,2023-45,2023,45,202,5,1,650,8.97580960897651,6.67595928146734,463.20287151870434,414,514,34893.167208857674,FALSE
Bromma,2023-46,2023,46,203,5,1,634,11.1702341777183,8.97580960897651,674.4104917774642,609,743,1633.0078456965052,TRUE
Bromma,2023-47,2023,47,204,5,1,686,5.07736614992523,11.1702341777183,777.4741856353864,704,856,8367.52663765714,FALSE
Bromma,2023-48,2023,48,205,5,1,680,3.81085296752686,5.07736614992523,518.281508768044,467,570,26152.870406340237,FALSE
Bromma,2023-49,2023,49,206,5,1,725,4.40574999745905,3.81085296752686,657.8636555781561,586,732,4507.288742328449,TRUE
Bromma,2023-50,2023,50,207,5,1,808,5.76815991338017,4.40574999745905,690.3154735151857,629,752,13849.647773954968,FALSE
Bromma,2023-51,2023,51,208,5,1,619,3.97851140042775,5.76815991338017,717.0661070953626,658,776,9616.961360839117,FALSE
Bromma,2023-52,2023,52,209,5,1,462,2.13484256093769,3.97851140042775,719.3273134116898,659,781,66217.34622767805,FALSE
Bromma,2024-01,2024,1,210,5,1,356,1.73931017172649,2.13484256093769,654.3985390186502,564,753,89041.68808846493,FALSE
Bromma,2024-02,2024,2,211,5,1,236,1.15172299685465,1.73931017172649,427.0184984641222,374,482,36488.06675548786,FALSE
Bromma,2024-03,2024,3,212,5,1,178,0.583785856439087,1.15172299685465,274.1834905443043,235,316,9251.263853286271,FALSE
Bromma,2023-35,2023,35,192,5,2,149,1.15693633825745,1.17242227715411,71.82088082254846,46,108,5956.616437007268,FALSE
Bromma,2023-36,2023,36,193,5,2,189,1.55420776305766,2.85313770067192,248.45481866400272,106,576,3534.875462369446,TRUE
Bromma,2023-37,2023,37,194,5,2,202,1.00273419331311,1.15693633825745,122.21589434824818,99,147,6365.503514649896,FALSE
Bromma,2023-38,2023,38,195,5,2,204,0.912007056376607,1.55420776305766,158.3320854992676,132,187,2085.558414846204,FALSE
Bromma,2023-39,2023,39,196,5,2,162,1.36992488510897,1.00273419331311,169.02466838978702,141,199,49.345965986473026,TRUE
Bromma,2023-40,2023,40,197,5,2,176,0.74554300857727,0.912007056376607,174.49111754666527,145,206,2.2767262579814487,TRUE
Bromma,2023-41,2023,41,198,5,2,207,1.00379983865123,1.36992488510897,185.69327277582838,157,216,453.9766250052562,TRUE
Bromma,2023-42,2023,42,199,5,2,260,1.0219004676237,0.74554300857727,164.30719219627215,131,200,9157.113465361197,FALSE
Bromma,2023-43,2023,43,200,5,2,391,9.0330916798293,1.00379983865123,204.12255587272819,173,235,34923.1791235416,FALSE
Bromma,2023-44,2023,44,201,5,2,593,6.67595928146734,1.0219004676237,238.11504976098658,205,272,125943.32790614701,FALSE
Bromma,2023-45,2023,45,202,5,2,650,8.97580960897651,9.0330916798293,127.33038113218653,18,875,273183.5304874254,TRUE
Bromma,2023-46,2023,46,203,5,2,634,11.1702341777183,6.67595928146734,545.4164297640615,490,602,7847.048915745451,FALSE
Bromma,2023-47,2023,47,204,5,2,686,5.07736614992523,8.97580960897651,682.1149672427199,616,750,15.093479525139422,TRUE
Bromma,2023-48,2023,48,205,5,2,680,3.81085296752686,11.1702341777183,733.514030776562,662,806,2863.751489954823,TRUE
Bromma,2023-49,2023,49,206,5,2,725,4.40574999745905,5.07736614992523,627.033204026674,571,683,9597.493113279292,FALSE
Bromma,2023-50,2023,50,207,5,2,808,5.76815991338017,3.81085296752686,693.1311106227116,620,769,13194.861746771716,FALSE
Bromma,2023-51,2023,51,208,5,2,619,3.97851140042775,4.40574999745905,744.8142043924886,681,809,15829.214026914895,FALSE
Bromma,2023-52,2023,52,209,5,2,462,2.13484256093769,5.76815991338017,709.7829760189595,652,769,61396.40320481227,FALSE
Bromma,2024-01,2024,1,210,5,2,356,1.73931017172649,3.97851140042775,668.8747223013768,610,727,97890.59185516364,FALSE
Bromma,2024-02,2024,2,211,5,2,236,1.15172299685465,2.13484256093769,715.7200506031305,614,827,230131.3269506701,FALSE
Bromma,2024-03,2024,3,212,5,2,178,0.583785856439087,1.73931017172649,368.50560541861455,318,420,36292.38569591286,FALSE
Bromma,2023-36,2023,36,193,6,1,189,1.55420776305766,1.15693633825745,93.08495908008241,73,115,9199.695074669466,FALSE
Bromma,2023-37,2023,37,194,6,1,202,1.00273419331311,1.55420776305766,121.4470145142159,98,146,6488.7834706729445,FALSE
Bromma,2023-38,2023,38,195,6,1,204,0.912007056376607,1.00273419331311,131.4186330732104,107,157,5268.054824961267,FALSE
Bromma,2023-39,2023,39,196,6,1,162,1.36992488510897,0.912007056376607,159.44326605606193,132,188,6.53688846008512,TRUE
Bromma,2023-40,2023,40,197,6,1,176,0.74554300857727,1.36992488510897,175.42313938125338,148,204,0.33276817346073545,TRUE
Bromma,2023-41,2023,41,198,6,1,207,1.00379983865123,0.74554300857727,193.7515087312373,162,227,175.52252089848164,TRUE
Bromma,2023-42,2023,42,199,6,1,260,1.0219004676237,1.00379983865123,190.13544933472537,161,220,4881.055439660727,FALSE
Bromma,2023-43,2023,43,200,6,1,391,9.0330916798293,1.0219004676237,202.96705604508537,173,234,35356.388012352065,FALSE
Bromma,2023-44,2023,44,201,6,1,593,6.67595928146734,9.0330916798293,106.23374893674962,10,1043,236941.3831741713,TRUE
Bromma,2023-45,2023,45,202,6,1,650,8.97580960897651,6.67595928146734,453.5478438369063,404,504,38593.449661128565,FALSE
Bromma,2023-46,2023,46,203,6,1,634,11.1702341777183,8.97580960897651,678.3965798906406,612,746,1971.0563059860353,TRUE
Bromma,2023-47,2023,47,204,6,1,686,5.07736614992523,11.1702341777183,816.5207067596035,741,897,17035.65489302641,FALSE
Bromma,2023-48,2023,48,205,6,1,680,3.81085296752686,5.07736614992523,470.3225041562634,423,517,43964.65226330018,FALSE
Bromma,2023-49,2023,49,206,6,1,725,4.40574999745905,3.81085296752686,529.7014128180616,477,583,38141.53815526119,FALSE
Bromma,2023-50,2023,50,207,6,1,808,5.76815991338017,4.40574999745905,687.5018379759251,626,750,14519.8070511802,FALSE
Bromma,2023-51,2023,51,208,6,1,619,3.97851140042775,5.76815991338017,707.7350683949419,651,765,7873.912363055015,FALSE
Bromma,2023-52,2023,52,209,6,1,462,2.13484256093769,3.97851140042775,718.6168624141607,657,780,65852.21407528827,FALSE
Bromma,2024-01,2024,1,210,6,1,356,1.73931017172649,2.13484256093769,649.3601611068701,588,711,86060.18412464879,FALSE
Bromma,2024-02,2024,2,211,6,1,236,1.15172299685465,1.73931017172649,426.9649803988321,373,483,36467.623738726325,FALSE
Bromma,2024-03,2024,3,212,6,1,178,0.583785856439087,1.15172299685465,303.81243263455707,262,348,15828.76820542496,FALSE
Bromma,2023-36,2023,36,193,6,2,189,1.55420776305766,2.85313770067192,248.45481866400272,106,576,3534.875462369446,TRUE
Bromma,2023-37,2023,37,194,6,2,202,1.00273419331311,1.15693633825745,122.21589434824818,99,147,6365.503514649896,FALSE
Bromma,2023-38,2023,38,195,6,2,204,0.912007056376607,1.55420776305766,148.9257192084183,123,175,3033.1764047099864,FALSE
Bromma,2023-39,2023,39,196,6,2,162,1.36992488510897,1.00273419331311,152.14866423076515,126,180,97.048816438206,TRUE
Bromma,2023-40,2023,40,197,6,2,176,0.74554300857727,0.912007056376607,165.97549491781226,138,195,100.4907021428079,TRUE
Bromma,2023-41,2023,41,198,6,2,207,1.00379983865123,1.36992488510897,179.47485456026865,151,209,757.6336314783633,TRUE
Bromma,2023-42,2023,42,199,6,2,260,1.0219004676237,0.74554300857727,185.72609059209654,155,218,5516.6136187334505,FALSE
Bromma,2023-43,2023,43,200,6,2,391,9.0330916798293,1.00379983865123,204.3048238520561,174,236,34855.0887969118,FALSE
Bromma,2023-44,2023,44,201,6,2,593,6.67595928146734,1.0219004676237,237.3943037958758,205,271,126455.41117281989,FALSE
Bromma,2023-45,2023,45,202,6,2,650,8.97580960897651,9.0330916798293,123.15817249927316,16,929,277562.3112043056,TRUE
Bromma,2023-46,2023,46,203,6,2,634,11.1702341777183,6.67595928146734,529.57307512937,476,584,10904.982637936211,FALSE
Bromma,2023-47,2023,47,204,6,2,686,5.07736614992523,8.97580960897651,686.0184928304078,620,754,0.00034198477649196554,TRUE
Bromma,2023-48,2023,48,205,6,2,680,3.81085296752686,11.1702341777183,782.4034818153323,710,857,10486.473087903087,FALSE
Bromma,2023-49,2023,49,206,6,2,725,4.40574999745905,5.07736614992523,575.0667989379856,523,627,22479.964780702438,FALSE
Bromma,2023-50,2023,50,207,6,2,808,5.76815991338017,3.81085296752686,641.6187658907743,584,699,27682.715063708976,FALSE
Bromma,2023-51,2023,51,208,6,2,619,3.97851140042775,4.40574999745905,743.6739056801545,679,809,15543.58275754405,FALSE
Bromma,2023-52,2023,52,209,6,2,462,2.13484256093769,5.76815991338017,698.1993909900558,641,755,55790.15230407326,FALSE
Bromma,2024-01,2024,1,210,6,2,356,1.73931017172649,3.97851140042775,669.5821283842967,610,728,98333.75124202551,FALSE
Bromma,2024-02,2024,2,211,6,2,236,1.15172299685465,2.13484256093769,576.9819118490082,520,635,116268.66420820476,FALSE
Bromma,2024-03,2024,3,212,6,2,178,0.583785856439087,1.73931017172649,357.59856342439645,309,410,32255.64398410695,FALSE
Grödinge,2023-35,2023,35,192,5,1,149,1.2670253358388,2.35822184820524,97.06676501473704,68,134,2697.0608960345403,FALSE
Grödinge,2023-36,2023,36,193,5,1,189,1.12485900343472,1.2670253358388,95.21004460396158,74,117,8796.555733190877,FALSE
Grödinge,2023-37,2023,37,194,5,1,202,1.35254473791172,1.12485900343472,127.23433983807207,103,153,5589.903939448896,FALSE
Grödinge,2023-38,2023,38,195,5,1,204,1.20684148200809,1.35254473791172,158.76157582460422,132,187,2046.5150218730332,FALSE
Grödinge,2023-39,2023,39,196,5,1,162,0.825603624526876,1.20684148200809,179.22984841854594,151,209,296.86767652607006,TRUE
Grödinge,2023-40,2023,40,197,5,1,176,0.781354978776037,0.825603624526876,204.94400985613316,170,243,837.7557065519337,TRUE
Grödinge,2023-41,2023,41,198,5,1,207,0.969519265874869,0.781354978776037,174.26550282983962,139,214,1071.547304983238,TRUE
Grödinge,2023-42,2023,42,199,5,1,260,2.67856958772816,0.969519265874869,190.45054056408807,161,221,4837.127307827559,FALSE
Grödinge,2023-43,2023,43,200,5,1,391,2.02668226843055,2.67856958772816,165.34730479586247,100,269,50919.138852891396,FALSE
Grödinge,2023-44,2023,44,201,5,1,593,3.73816602284191,2.02668226843055,301.307221221375,262,342,85084.67719159585,FALSE
Grödinge,2023-45,2023,45,202,5,1,650,2.86173634021187,3.73816602284191,825.9313291712422,711,957,30951.832583959967,FALSE
Grödinge,2023-46,2023,46,203,5,1,634,14.8877908246073,2.86173634021187,511.77230901931443,461,562,14939.608442469964,FALSE
Grödinge,2023-47,2023,47,204,5,1,686,10.1289978727741,14.8877908246073,12806.238420732594,7454,22123,146900179.3754025,FALSE
Grödinge,2023-48,2023,48,205,5,1,680,5.37020492094078,10.1289978727741,638.8878999931047,581,698,1690.2047669769586,TRUE
Grödinge,2023-49,2023,49,206,5,1,725,5.59490381123868,5.37020492094078,640.1794166649705,585,696,7194.531357294682,FALSE
Grödinge,2023-50,2023,50,207,5,1,808,6.59535808122993,5.59490381123868,670.1112901090751,613,727,19013.296315383657,FALSE
Grödinge,2023-51,2023,51,208,5,1,619,5.23184430507997,6.59535808122993,708.1049621956969,650,766,7939.694287896571,FALSE
Grödinge,2023-52,2023,52,209,5,1,462,3.51035314339067,5.23184430507997,721.868347805074,660,784,67531.5581909389,FALSE
Grödinge,2024-01,2024,1,210,5,1,356,1.78886198170136,3.51035314339067,638.6443273896451,573,706,79887.8158055449,FALSE
Grödinge,2024-02,2024,2,211,5,1,236,1.06663826120182,1.78886198170136,297.11222057907474,245,355,3734.703504105487,FALSE
Grödinge,2024-03,2024,3,212,5,1,178,0.494094125312861,1.06663826120182,214.05960601626916,178,254,1300.2951860485548,TRUE
Grödinge,2023-35,2023,35,192,5,2,149,1.2670253358388,0.813901592154791,81.53646467952417,61,105,4551.328597937089,FALSE
Grödinge,2023-36,2023,36,193,5,2,189,1.12485900343472,2.35822184820524,158.71692065144595,120,207,917.064894830821,TRUE
Grödinge,2023-37,2023,37,194,5,2,202,1.35254473791172,1.2670253358388,121.20546226625632,98,146,6527.757327609332,FALSE
Grödinge,2023-38,2023,38,195,5,2,204,1.20684148200809,1.12485900343472,144.43807491414827,119,172,3547.622919932613,FALSE
Grödinge,2023-39,2023,39,196,5,2,162,0.825603624526876,1.35254473791172,177.4712507304752,149,207,239.35959916522913,TRUE
Grödinge,2023-40,2023,40,197,5,2,176,0.781354978776037,1.20684148200809,178.75880276992848,150,209,7.61099272336505,TRUE
Grödinge,2023-41,2023,41,198,5,2,207,0.969519265874869,0.825603624526876,187.41694213795677,154,223,383.4961552281333,TRUE
Grödinge,2023-42,2023,42,199,5,2,260,2.67856958772816,0.781354978776037,215.72141220850187,176,260,1960.5933368094068,TRUE
Grödinge,2023-43,2023,43,200,5,2,391,2.02668226843055,0.969519265874869,211.75689401129227,180,244,32128.09104447911,FALSE
Grödinge,2023-44,2023,44,201,5,2,593,3.73816602284191,2.67856958772816,64.72374374335865,37,107,279075.80292453256,FALSE
Grödinge,2023-45,2023,45,202,5,2,650,2.86173634021187,2.02668226843055,428.872270677787,382,477,48897.472675197896,FALSE
Grödinge,2023-46,2023,46,203,5,2,634,14.8877908246073,3.73816602284191,1119.2246737025848,982,1271,235442.98396977992,FALSE
Grödinge,2023-47,2023,47,204,5,2,686,10.1289978727741,2.86173634021187,590.1918899034447,537,645,9179.193960273664,FALSE
Grödinge,2023-48,2023,48,205,5,2,680,5.37020492094078,14.8877908246073,3739.377951805162,2283,6164,9359793.451991549,FALSE
Grödinge,2023-49,2023,49,206,5,2,725,5.59490381123868,10.1289978727741,663.8482982022514,604,725,3739.5306327607714,TRUE
Grödinge,2023-50,2023,50,207,5,2,808,6.59535808122993,5.37020492094078,670.3826716216647,613,727,18938.529069990567,FALSE
Grödinge,2023-51,2023,51,208,5,2,619,5.23184430507997,5.59490381123868,706.5192137099137,648,765,7659.612768401554,FALSE
Grödinge,2023-52,2023,52,209,5,2,462,3.51035314339067,6.59535808122993,704.8502294120208,647,763,58976.233925471126,FALSE
Grödinge,2024-01,2024,1,210,5,2,356,1.78886198170136,5.23184430507997,645.487240516027,587,705,83802.86242158405,FALSE
Grödinge,2024-02,2024,2,211,5,2,236,1.06663826120182,3.51035314339067,511.47758237382163,455,570,75887.89839052569,FALSE
Grödinge,2024-03,2024,3,212,5,2,178,0.494094125312861,1.78886198170136,232.59205416763774,188,284,2980.292378242293,FALSE
Grödinge,2023-36,2023,36,193,6,1,189,1.12485900343472,1.2670253358388,95.21004460396158,74,117,8796.555733190877,FALSE
Grödinge,2023-37,2023,37,194,6,1,202,1.35254473791172,1.12485900343472,107.91634742379757,86,131,8851.73368207956,FALSE
Grödinge,2023-38,2023,38,195,6,1,204,1.20684148200809,1.35254473791172,141.4694647364365,117,167,3910.067840347759,FALSE
Grödinge,2023-39,2023,39,196,6,1,162,0.825603624526876,1.20684148200809,172.10808717768734,144,201,102.17342639172718,TRUE
Grödinge,2023-40,2023,40,197,6,1,176,0.781354978776037,0.825603624526876,180.05905686624638,150,212,16.475942643421877,TRUE
Grödinge,2023-41,2023,41,198,6,1,207,0.969519265874869,0.781354978776037,194.6053054767854,163,229,153.62845232380627,TRUE
Grödinge,2023-42,2023,42,199,6,1,260,2.67856958772816,0.969519265874869,190.3955513198291,161,221,4844.779276070543,FALSE
Grödinge,2023-43,2023,43,200,6,1,391,2.02668226843055,2.67856958772816,166.9374236207455,102,268,50204.038133709255,FALSE
Grödinge,2023-44,2023,44,201,6,1,593,3.73816602284191,2.02668226843055,295.4971938181076,257,335,88507.91968610065,FALSE
Grödinge,2023-45,2023,45,202,6,1,650,2.86173634021187,3.73816602284191,858.2231056396834,739,994,43356.86172223473,FALSE
Grödinge,2023-46,2023,46,203,6,1,634,14.8877908246073,2.86173634021187,504.2032828328013,455,554,16847.18778738178,FALSE
Grödinge,2023-47,2023,47,204,6,1,686,10.1289978727741,14.8877908246073,27829.097863643106,17548,44359,736747761.635307,FALSE
Grödinge,2023-48,2023,48,205,6,1,680,5.37020492094078,10.1289978727741,627.4103786544724,570,686,2765.6682732659697,TRUE
Grödinge,2023-49,2023,49,206,6,1,725,5.59490381123868,5.37020492094078,595.7245691314861,543,648,16712.13702623992,FALSE
Grödinge,2023-50,2023,50,207,6,1,808,6.59535808122993,5.59490381123868,656.4001150586839,601,712,22982.525114220272,FALSE
Grödinge,2023-51,2023,51,208,6,1,619,5.23184430507997,6.59535808122993,696.8135468338721,640,754,6054.948070867211,FALSE
Grödinge,2023-52,2023,52,209,6,1,462,3.51035314339067,5.23184430507997,692.8168455155802,635,751,53276.416173763224,FALSE
Grödinge,2024-01,2024,1,210,6,1,356,1.78886198170136,3.51035314339067,645.5687884005096,586,706,83850.08321573908,FALSE
Grödinge,2024-02,2024,2,211,6,1,236,1.06663826120182,1.78886198170136,475.4494981713627,420,532,57336.06217451742,FALSE
Grödinge,2024-03,2024,3,212,6,1,178,0.494094125312861,1.06663826120182,220.33388553128,183,260,1792.1578641755184,FALSE
Grödinge,2023-36,2023,36,193,6,2,189,1.12485900343472,2.35822184820524,158.71692065144595,120,207,917.064894830821,TRUE
Grödinge,2023-37,2023,37,194,6,2,202,1.35254473791172,1.2670253358388,121.20546226625632,98,146,6527.757327609332,FALSE
Grödinge,2023-38,2023,38,195,6,2,204,1.20684148200809,1.12485900343472,129.61020458113902,106,155,5533.84166245999,FALSE
Grödinge,2023-39,2023,39,196,6,2,162,0.825603624526876,1.35254473791172,161.49263853382905,135,189,0.2574156573551345,TRUE
Grödinge,2023-40,2023,40,197,6,2,176,0.781354978776037,1.20684148200809,174.82146975609345,147,204,1.388933535802433,TRUE
Grödinge,2023-41,2023,41,198,6,2,207,0.969519265874869,0.825603624526876,173.26269001637135,144,205,1138.2060849314494,FALSE
Grödinge,2023-42,2023,42,199,6,2,260,2.67856958772816,0.781354978776037,195.1885362577286,163,229,4200.52583241576,FALSE
Grödinge,2023-43,2023,43,200,6,2,391,2.02668226843055,0.969519265874869,214.80630658341602,184,247,31044.21759977719,FALSE
Grödinge,2023-44,2023,44,201,6,2,593,3.73816602284191,2.67856958772816,61.038205251918804,35,99,282983.35107159964,FALSE
Grödinge,2023-45,2023,45,202,6,2,650,2.86173634021187,2.02668226843055,400.13358140531506,355,445,62433.22714133432,FALSE
Grödinge,2023-46,2023,46,203,6,2,634,14.8877908246073,3.73816602284191,1175.7173460878678,1031,1336,293457.6830524827,FALSE
Grödinge,2023-47,2023,47,204,6,2,686,10.1289978727741,2.86173634021187,579.8060223496167,526,634,11277.160889210112,FALSE
Grödinge,2023-48,2023,48,205,6,2,680,5.37020492094078,14.8877908246073,10780.04843232808,7081,16509,102010978.3353729,FALSE
Grödinge,2023-49,2023,49,206,6,2,725,5.59490381123868,10.1289978727741,657.4228501445448,598,717,4566.671182586651,FALSE
Grödinge,2023-50,2023,50,207,6,2,808,6.59535808122993,5.37020492094078,657.5796084021468,603,712,22626.29420845149,FALSE
Grödinge,2023-51,2023,51,208,6,2,619,5.23184430507997,5.59490381123868,695.2549552068076,638,752,5814.818193592235,FALSE
Grödinge,2023-52,2023,52,209,6,2,462,3.51035314339067,6.59535808122993,691.3268334980365,635,748,52590.79656223617,FALSE
Grödinge,2024-01,2024,1,210,6,2,356,1.78886198170136,5.23184430507997,659.7999774074166,604,717,92294.42627274682,FALSE
Grödinge,2024-02,2024,2,211,6,2,236,1.06663826120182,3.51035314339067,546.6768522967835,492,602,96520.10655303745,FALSE
Grödinge,2024-03,2024,3,212,6,2,178,0.494094125312861,1.78886198170136,344.01564905408617,299,391,27561.1957308495,FALSE
Gävle,2023-35,2023,35,192,5,1,28,0.964331726553597,2.57131782960399,16.46934800597254,7,32,132.9559354073694,TRUE
Gävle,2023-36,2023,36,193,5,1,26,1.8580776341364,0.964331726553597,3.6240007009878816,0,10,500.68534462939084,FALSE
Gävle,2023-37,2023,37,194,5,1,18,2.44461537777458,1.8580776341364,16.67078182696288,9,26,1.7668209515321385,TRUE
Gävle,2023-38,2023,38,195,5,1,14,1.95038291682577,2.44461537777458,17.931522325156028,9,29,15.456867793200258,TRUE
Gävle,2023-39,2023,39,196,5,1,17,1.47825549034679,1.95038291682577,19.786793378754144,11,30,7.766217335867937,TRUE
Gävle,2023-40,2023,40,197,5,1,34,2.0962524789787498,1.47825549034679,21.679865422194823,12,33,151.78571601523075,FALSE
Gävle,2023-41,2023,41,198,5,1,51,1.34300947490789,2.0962524789787498,17.7214973614294,9,28,1107.4587378653505,FALSE
Gävle,2023-42,2023,42,199,5,1,51,1.17858111980145,1.34300947490789,34.20904805287521,19,53,281.93606729065374,TRUE
Gävle,2023-43,2023,43,200,5,1,96,6.25837614716196,1.17858111980145,51.02929169154222,33,73,2022.3646057643937,FALSE
Gävle,2023-44,2023,44,201,5,1,78,5.28748870225918,6.25837614716196,0.46759506211631724,0,4,6011.27381545197,FALSE
Gävle,2023-45,2023,45,202,5,1,112,8.82191956638717,5.28748870225918,71.04205853629907,51,94,1677.5529689439522,FALSE
Gävle,2023-46,2023,46,203,5,1,95,12.3563504305152,8.82191956638717,110.12024922219285,78,150,228.6219365412236,TRUE
Gävle,2023-47,2023,47,204,5,1,62,6.13182048835575,12.3563504305152,110.86763499399204,79,151,2388.0457499060353,FALSE
Gävle,2023-48,2023,48,205,5,1,39,6.65018282843302,6.13182048835575,89.8519646157035,70,111,2585.92230527676,FALSE
Gävle,2023-49,2023,49,206,5,1,102,4.8890701317443,6.65018282843302,79.65604192020486,61,100,499.25246267164266,FALSE
Gävle,2023-50,2023,50,207,5,1,56,5.8160002622677,4.8890701317443,92.2072376377308,70,117,1310.9640573551098,FALSE
Gävle,2023-51,2023,51,208,5,1,64,8.18336923182998,5.8160002622677,68.25864930713641,50,87,18.136093921173416,TRUE
Gävle,2023-52,2023,52,209,5,1,48,5.12442849561373,8.18336923182998,64.99324434821112,48,83,288.7703534780092,TRUE
Gävle,2024-01,2024,1,210,5,1,39,2.06548775939747,5.12442849561373,61.99646595307447,44,82,528.8374463309133,FALSE
Gävle,2024-02,2024,2,211,5,1,21,1.25126498557182,2.06548775939747,50.55463385968372,30,80,873.4763825799633,FALSE
Gävle,2024-03,2024,3,212,5,1,13,0.437042211746168,1.25126498557182,29.066994893599823,17,45,258.1483249109628,FALSE
Gävle,2023-35,2023,35,192,5,2,28,0.964331726553597,2.33394142205054,9.06871570863429,2,22,358.3935249205101,FALSE
Gävle,2023-36,2023,36,193,5,2,26,1.8580776341364,2.57131782960399,24.60230503052501,12,42,1.9535512276956946,TRUE
Gävle,2023-37,2023,37,194,5,2,18,2.44461537777458,0.964331726553597,7.366591957162894,2,16,113.06936660547285,FALSE
Gävle,2023-38,2023,38,195,5,2,14,1.95038291682577,1.8580776341364,19.36816059670717,11,30,28.817148192039483,TRUE
Gävle,2023-39,2023,39,196,5,2,17,1.47825549034679,2.44461537777458,22.275726969372847,13,34,27.83329505536801,TRUE
Gävle,2023-40,2023,40,197,5,2,34,2.0962524789787498,1.95038291682577,20.033559069880024,11,30,195.06147225453054,FALSE
Gävle,2023-41,2023,41,198,5,2,51,1.34300947490789,1.47825549034679,20.34510437825127,11,32,939.7226255803093,FALSE
Gävle,2023-42,2023,42,199,5,2,51,1.17858111980145,2.0962524789787498,24.893286100693352,15,37,681.560510620251,FALSE
Gävle,2023-43,2023,43,200,5,2,96,6.25837614716196,1.34300947490789,51.2582256705379,32,75,2001.8263701485141,FALSE
Gävle,2023-44,2023,44,201,5,2,78,5.28748870225918,1.17858111980145,99.12610511069296,73,130,446.31231714804727,TRUE
Gävle,2023-45,2023,45,202,5,2,112,8.82191956638717,6.25837614716196,1.45029823243792,0,8,12221.23656089692,FALSE
Gävle,2023-46,2023,46,203,5,2,95,12.3563504305152,5.28748870225918,98.57353961580647,75,125,12.770185385738234,TRUE
Gävle,2023-47,2023,47,204,5,2,62,6.13182048835575,8.82191956638717,124.83909259511543,91,167,3948.751558177491,FALSE
Gävle,2023-48,2023,48,205,5,2,39,6.65018282843302,12.3563504305152,78.86058640894284,54,110,1588.8663488647983,FALSE
Gävle,2023-49,2023,49,206,5,2,102,4.8890701317443,6.13182048835575,78.35165264514919,60,98,559.2443326156795,FALSE
Gävle,2023-50,2023,50,207,5,2,56,5.8160002622677,6.65018282843302,90.6690604069007,71,112,1201.9437494973297,FALSE
Gävle,2023-51,2023,51,208,5,2,64,8.18336923182998,4.8890701317443,98.54641540084923,75,124,1193.4548170480327,FALSE
Gävle,2023-52,2023,52,209,5,2,48,5.12442849561373,5.8160002622677,74.39141473988097,56,95,696.5067719724066,FALSE
Gävle,2024-01,2024,1,210,5,2,39,2.06548775939747,8.18336923182998,56.195606292111265,40,74,295.68887575329654,FALSE
Gävle,2024-02,2024,2,211,5,2,21,1.25126498557182,5.12442849561373,72.15859577740744,53,94,2617.2019219161707,FALSE
Gävle,2024-03,2024,3,212,5,2,13,0.437042211746168,2.06548775939747,49.786411090745275,27,83,1353.240040937307,FALSE
Gävle,2023-36,2023,36,193,6,1,26,1.8580776341364,0.964331726553597,3.6240007009878816,0,10,500.68534462939084,FALSE
Gävle,2023-37,2023,37,194,6,1,18,2.44461537777458,1.8580776341364,15.406850755543042,8,24,6.724423004027693,TRUE
Gävle,2023-38,2023,38,195,6,1,14,1.95038291682577,2.44461537777458,19.02253301334163,10,30,25.225837870106545,TRUE
Gävle,2023-39,2023,39,196,6,1,17,1.47825549034679,1.95038291682577,18.743798278104546,10,29,3.040832434720378,TRUE
Gävle,2023-40,2023,40,197,6,1,34,2.0962524789787498,1.47825549034679,21.088501267449484,12,32,166.7067995206536,FALSE
Gävle,2023-41,2023,41,198,6,1,51,1.34300947490789,2.0962524789787498,21.616262447648257,12,32,863.404032545486,FALSE
Gävle,2023-42,2023,42,199,6,1,51,1.17858111980145,1.34300947490789,28.251140095298766,17,41,517.5106269637234,FALSE
Gävle,2023-43,2023,43,200,6,1,96,6.25837614716196,1.17858111980145,48.83100119244013,31,70,2224.914448507585,FALSE
Gävle,2023-44,2023,44,201,6,1,78,5.28748870225918,6.25837614716196,0.2371384819579603,0,2,6047.062631474184,FALSE
Gävle,2023-45,2023,45,202,6,1,112,8.82191956638717,5.28748870225918,66.52878506536375,47,88,2067.631387631887,FALSE
Gävle,2023-46,2023,46,203,6,1,95,12.3563504305152,8.82191956638717,121.03387244575065,87,164,677.7625145216147,TRUE
Gävle,2023-47,2023,47,204,6,1,62,6.13182048835575,12.3563504305152,119.09184651875485,86,161,3259.47893892106,FALSE
Gävle,2023-48,2023,48,205,6,1,39,6.65018282843302,6.13182048835575,82.22120212860081,64,102,1868.072313441367,FALSE
Gävle,2023-49,2023,49,206,6,1,102,4.8890701317443,6.65018282843302,79.9078705456768,61,99,488.06218382657465,FALSE
Gävle,2023-50,2023,50,207,6,1,56,5.8160002622677,4.8890701317443,89.61527316600693,68,113,1129.9865900252655,FALSE
Gävle,2023-51,2023,51,208,6,1,64,8.18336923182998,5.8160002622677,79.23713209280643,61,99,232.17019441363178,TRUE
Gävle,2023-52,2023,52,209,6,1,48,5.12442849561373,8.18336923182998,70.64975291198009,53,89,513.0113069737505,FALSE
Gävle,2024-01,2024,1,210,6,1,39,2.06548775939747,5.12442849561373,61.8306600170905,45,80,521.2390368159748,FALSE
Gävle,2024-02,2024,2,211,6,1,21,1.25126498557182,2.06548775939747,46.84422562449704,27,75,667.9239981299096,FALSE
Gävle,2024-03,2024,3,212,6,1,13,0.437042211746168,1.25126498557182,28.3507940256178,16,44,235.64687721694318,FALSE
Gävle,2023-36,2023,36,193,6,2,26,1.8580776341364,2.57131782960399,24.60230503052501,12,42,1.9535512276956946,TRUE
Gävle,2023-37,2023,37,194,6,2,18,2.44461537777458,0.964331726553597,7.366591957162894,2,16,113.06936660547285,FALSE
Gävle,2023-38,2023,38,195,6,2,14,1.95038291682577,1.8580776341364,17.02005151988483,9,27,9.120711182758676,TRUE
Gävle,2023-39,2023,39,196,6,2,17,1.47825549034679,2.44461537777458,22.3948771022076,13,34,29.10469894792389,TRUE
Gävle,2023-40,2023,40,197,6,2,34,2.0962524789787498,1.95038291682577,18.613723510755428,10,28,236.73750420348028,FALSE
Gävle,2023-41,2023,41,198,6,2,51,1.34300947490789,1.47825549034679,20.65775192300101,11,32,920.652018366149,FALSE
Gävle,2023-42,2023,42,199,6,2,51,1.17858111980145,2.0962524789787498,25.76449714689143,16,37,636.8306042492508,FALSE
Gävle,2023-43,2023,43,200,6,2,96,6.25837614716196,1.34300947490789,30.561637487637245,19,44,4282.179288299403,FALSE
Gävle,2023-44,2023,44,201,6,2,78,5.28748870225918,1.17858111980145,95.75500348693313,70,127,315.2401488210078,TRUE
Gävle,2023-45,2023,45,202,6,2,112,8.82191956638717,6.25837614716196,0.5133278454736641,0,3,12429.278068090836,FALSE
Gävle,2023-46,2023,46,203,6,2,95,12.3563504305152,5.28748870225918,94.32072070092201,72,120,0.46142036615588555,TRUE
Gävle,2023-47,2023,47,204,6,2,62,6.13182048835575,8.82191956638717,132.556695991664,96,176,4978.247349260093,FALSE
Gävle,2023-48,2023,48,205,6,2,39,6.65018282843302,12.3563504305152,85.90809066483912,60,119,2200.3689698207672,FALSE
Gävle,2023-49,2023,49,206,6,2,102,4.8890701317443,6.13182048835575,77.63755549627565,59,97,593.5287021970487,FALSE
Gävle,2023-50,2023,50,207,6,2,56,5.8160002622677,6.65018282843302,80.03200047663606,62,100,577.5370469090357,FALSE
Gävle,2023-51,2023,51,208,6,2,64,8.18336923182998,4.8890701317443,107.78180343756188,84,134,1916.846312245305,FALSE
Gävle,2023-52,2023,52,209,6,2,48,5.12442849561373,5.8160002622677,78.61080746856977,60,98,937.0215338778471,FALSE
Gävle,2024-01,2024,1,210,6,2,39,2.06548775939747,8.18336923182998,58.038776828292036,42,75,362.47502311750975,FALSE
Gävle,2024-02,2024,2,211,6,2,21,1.25126498557182,5.12442849561373,69.09974016184736,51,89,2313.585003637232,FALSE
Gävle,2024-03,2024,3,212,6,2,13,0.437042211746168,2.06548775939747,59.17572333168276,35,94,2132.197425204112,FALSE
Göteborg,2023-35,2023,35,192,5,1,62,1.26424007866353,1.35845666697449,39.68381396937998,27,54,498.01215895324,FALSE
Göteborg,2023-36,2023,36,193,5,1,71,1.00892782343547,1.26424007866353,44.531518319331326,31,60,700.5805224798931,FALSE
Göteborg,2023-37,2023,37,194,5,1,43,1.19243706410359,1.00892782343547,37.60055764236092,24,54,29.153977773467084,TRUE
Göteborg,2023-38,2023,38,195,5,1,67,1.17865866977185,1.19243706410359,52.43738973157248,38,69,212.06961783011064,TRUE
Göteborg,2023-39,2023,39,196,5,1,90,0.97803838451966,1.17865866977185,57.208248647705595,41,74,1075.298956750702,FALSE
Göteborg,2023-40,2023,40,197,5,1,100,0.638089843370418,0.97803838451966,55.21911597299781,37,77,2005.3275742398196,FALSE
Göteborg,2023-41,2023,41,198,5,1,114,0.742627293379219,0.638089843370418,76.21631472347319,44,125,1427.606873075629,TRUE
Göteborg,2023-42,2023,42,199,5,1,169,1.45206547336965,0.742627293379219,99.88359416800678,77,125,4777.077555132786,FALSE
Göteborg,2023-43,2023,43,200,5,1,193,3.43174141321633,1.45206547336965,61.64428837757769,42,84,17254.322975832973,FALSE
Göteborg,2023-44,2023,44,201,5,1,290,3.02427421946949,3.43174141321633,278.1826844602447,147,523,139.64894656614274,TRUE
Göteborg,2023-45,2023,45,202,5,1,417,2.908978760961,3.02427421946949,261.151125450282,222,303,24288.87169841374,FALSE
Göteborg,2023-46,2023,46,203,5,1,383,5.54250756656283,2.908978760961,311.4434374039759,272,352,5120.341650558715,FALSE
Göteborg,2023-47,2023,47,204,5,1,446,7.43639125754496,5.54250756656283,727.7110139506601,602,875,79361.09538110901,FALSE
Göteborg,2023-48,2023,48,205,5,1,343,6.60072005069076,7.43639125754496,629.2161540647799,533,739,81919.6868476338,FALSE
Göteborg,2023-49,2023,49,206,5,1,391,6.60420371456994,6.60072005069076,375.2889035653379,329,423,246.83855117925293,TRUE
Göteborg,2023-50,2023,50,207,5,1,318,38.1962512204153,6.60420371456994,384.9734285299811,341,430,4485.440129060487,FALSE
Göteborg,2023-51,2023,51,208,5,1,296,3.84552701051594,38.1962512204153,158.4574172269798,61,400,18917.962075873114,TRUE
Göteborg,2023-52,2023,52,209,5,1,202,3.04698133069445,3.84552701051594,383.2736421883965,339,428,32860.1333522468,FALSE
Göteborg,2024-01,2024,1,210,5,1,134,2.24843565087295,3.04698133069445,311.3423634111634,272,352,31450.313860257138,FALSE
Göteborg,2024-02,2024,2,211,5,1,105,1.43409748941357,2.24843565087295,252.4229959332099,217,289,21733.539729923225,FALSE
Göteborg,2024-03,2024,3,212,5,1,70,0.305937106128889,1.43409748941357,179.18006617702062,150,210,11920.286850418603,FALSE
Göteborg,2023-35,2023,35,192,5,2,62,1.26424007866353,1.26863919199744,43.63587318668478,30,60,337.2411536155229,FALSE
Göteborg,2023-36,2023,36,193,5,2,71,1.00892782343547,1.35845666697449,46.8634526335846,33,63,582.5729187712142,FALSE
Göteborg,2023-37,2023,37,194,5,2,43,1.19243706410359,1.26424007866353,53.242359965030516,38,69,104.90593765325993,TRUE
Göteborg,2023-38,2023,38,195,5,2,67,1.17865866977185,1.00892782343547,45.93266251265144,31,63,443.83270880584195,FALSE
Göteborg,2023-39,2023,39,196,5,2,90,0.97803838451966,1.19243706410359,60.156873177138955,44,78,890.6122185653684,FALSE
Göteborg,2023-40,2023,40,197,5,2,100,0.638089843370418,1.17865866977185,67.35690635250106,50,86,1065.571562879386,FALSE
Göteborg,2023-41,2023,41,198,5,2,114,0.742627293379219,0.97803838451966,80.39801342673869,57,108,1129.0935016696337,FALSE
Göteborg,2023-42,2023,42,199,5,2,169,1.45206547336965,0.638089843370418,156.4242793410942,98,241,158.14875009083,TRUE
Göteborg,2023-43,2023,43,200,5,2,193,3.43174141321633,0.742627293379219,141.41605644408895,114,172,2660.903232779417,FALSE
Göteborg,2023-44,2023,44,201,5,2,290,3.02427421946949,1.45206547336965,67.906064369299,48,91,49325.71624393396,FALSE
Göteborg,2023-45,2023,45,202,5,2,417,2.908978760961,3.43174141321633,565.3940625238653,326,976,22020.797792336834,TRUE
Göteborg,2023-46,2023,46,203,5,2,383,5.54250756656283,3.02427421946949,374.07916757713,327,423,79.58125111692824,TRUE
Göteborg,2023-47,2023,47,204,5,2,446,7.43639125754496,2.908978760961,370.55607675690123,327,415,5691.785554310578,FALSE
Göteborg,2023-48,2023,48,205,5,2,343,6.60072005069076,5.54250756656283,792.5063436315359,666,939,202055.9529649924,FALSE
Göteborg,2023-49,2023,49,206,5,2,391,6.60420371456994,7.43639125754496,405.90054978965543,339,482,222.02638403400044,TRUE
Göteborg,2023-50,2023,50,207,5,2,318,38.1962512204153,6.60072005069076,374.9179829110975,329,422,3239.6567786679884,FALSE
Göteborg,2023-51,2023,51,208,5,2,296,3.84552701051594,6.60420371456994,355.3001739007709,313,399,3516.510624661672,FALSE
Göteborg,2023-52,2023,52,209,5,2,202,3.04698133069445,38.1962512204153,51.36904833211365,18,131,22689.683600373108,FALSE
Göteborg,2024-01,2024,1,210,5,2,134,2.24843565087295,3.84552701051594,351.36216185602285,309,394,47246.30940672388,FALSE
Göteborg,2024-02,2024,2,211,5,2,105,1.43409748941357,3.04698133069445,287.5309053710177,250,327,33317.53141556342,FALSE
Göteborg,2024-03,2024,3,212,5,2,70,0.305937106128889,2.24843565087295,207.8048011701867,176,241,18990.163225554687,FALSE
Göteborg,2023-36,2023,36,193,6,1,71,1.00892782343547,1.26424007866353,44.531518319331326,31,60,700.5805224798931,FALSE
Göteborg,2023-37,2023,37,194,6,1,43,1.19243706410359,1.00892782343547,50.77160238839523,36,68,60.39780368331045,TRUE
Göteborg,2023-38,2023,38,195,6,1,67,1.17865866977185,1.19243706410359,51.85655278711906,37,68,229.32399348931162,TRUE
Göteborg,2023-39,2023,39,196,6,1,90,0.97803838451966,1.17865866977185,54.119418181098254,39,70,1287.4161516629026,FALSE
Göteborg,2023-40,2023,40,197,6,1,100,0.638089843370418,0.97803838451966,55.322557575248716,37,77,1996.0738616169658,FALSE
Göteborg,2023-41,2023,41,198,6,1,114,0.742627293379219,0.638089843370418,86.12756882579141,54,131,776.8724195609946,TRUE
Göteborg,2023-42,2023,42,199,6,1,169,1.45206547336965,0.742627293379219,99.52670130085413,77,125,4826.5392321407435,FALSE
Göteborg,2023-43,2023,43,200,6,1,193,3.43174141321633,1.45206547336965,50.171874148384774,33,70,20399.873534284838,FALSE
Göteborg,2023-44,2023,44,201,6,1,290,3.02427421946949,3.43174141321633,164.43514479262407,85,311,15766.532863249282,TRUE
Göteborg,2023-45,2023,45,202,6,1,417,2.908978760961,3.02427421946949,254.1219788663073,215,295,26529.249768427646,FALSE
Göteborg,2023-46,2023,46,203,6,1,383,5.54250756656283,2.908978760961,306.30760338055205,268,347,5881.723699234711,FALSE
Göteborg,2023-47,2023,47,204,6,1,446,7.43639125754496,5.54250756656283,836.0339137659224,704,988,152126.453887563,FALSE
Göteborg,2023-48,2023,48,205,6,1,343,6.60072005069076,7.43639125754496,700.0873623292008,602,809,127511.38433522593,FALSE
Göteborg,2023-49,2023,49,206,6,1,391,6.60420371456994,6.60072005069076,397.1177151591164,350,445,37.42643876808278,TRUE
Göteborg,2023-50,2023,50,207,6,1,318,38.1962512204153,6.60420371456994,380.4739276779593,337,425,3902.9916395108885,FALSE
Göteborg,2023-51,2023,51,208,6,1,296,3.84552701051594,38.1962512204153,141.18638239559544,64,303,23967.2561957628,TRUE
Göteborg,2023-52,2023,52,209,6,1,202,3.04698133069445,3.84552701051594,382.5301160459944,340,425,32591.12279958021,FALSE
Göteborg,2024-01,2024,1,210,6,1,134,2.24843565087295,3.04698133069445,341.5331289883442,301,383,43069.9996276927,FALSE
Göteborg,2024-02,2024,2,211,6,1,105,1.43409748941357,2.24843565087295,268.7658690603299,233,305,26819.259869085123,FALSE
Göteborg,2024-03,2024,3,212,6,1,70,0.305937106128889,1.43409748941357,217.2330389010102,185,250,21677.56774402638,FALSE
Göteborg,2023-36,2023,36,193,6,2,71,1.00892782343547,1.35845666697449,46.8634526335846,33,63,582.5729187712142,FALSE
Göteborg,2023-37,2023,37,194,6,2,43,1.19243706410359,1.26424007866353,53.242359965030516,38,69,104.90593765325993,TRUE
Göteborg,2023-38,2023,38,195,6,2,67,1.17865866977185,1.00892782343547,55.50872735446939,40,73,132.04934701392,TRUE
Göteborg,2023-39,2023,39,196,6,2,90,0.97803838451966,1.19243706410359,57.705560320546674,42,75,1042.9308342098495,FALSE
Göteborg,2023-40,2023,40,197,6,2,100,0.638089843370418,1.17865866977185,65.48472964916346,49,83,1191.3038873913363,FALSE
Göteborg,2023-41,2023,41,198,6,2,114,0.742627293379219,0.97803838451966,80.73014636885453,58,107,1106.883160637843,FALSE
Göteborg,2023-42,2023,42,199,6,2,169,1.45206547336965,0.638089843370418,139.18242955617595,92,203,889.0875071724097,TRUE
Göteborg,2023-43,2023,43,200,6,2,193,3.43174141321633,0.742627293379219,143.6421120245412,116,174,2436.20110539794,FALSE
Göteborg,2023-44,2023,44,201,6,2,290,3.02427421946949,1.45206547336965,57.75098781360661,40,78,53939.6036615555,FALSE
Göteborg,2023-45,2023,45,202,6,2,417,2.908978760961,3.43174141321633,345.31486493818505,196,602,5138.75858883065,TRUE
Göteborg,2023-46,2023,46,203,6,2,383,5.54250756656283,3.02427421946949,362.11762403464206,316,410,436.07362595855886,TRUE
Göteborg,2023-47,2023,47,204,6,2,446,7.43639125754496,2.908978760961,363.06358251319296,321,407,6878.449345545953,FALSE
Göteborg,2023-48,2023,48,205,6,2,343,6.60072005069076,5.54250756656283,865.4449844632259,739,1009,272948.7617907803,FALSE
Göteborg,2023-49,2023,49,206,6,2,391,6.60420371456994,7.43639125754496,517.2371927290277,442,602,15935.828828105683,FALSE
Göteborg,2023-50,2023,50,207,6,2,318,38.1962512204153,6.60072005069076,391.2816883281051,345,439,5370.205844217532,FALSE
Göteborg,2023-51,2023,51,208,6,2,296,3.84552701051594,6.60420371456994,355.9583603325311,314,399,3595.0049737656354,FALSE
Göteborg,2023-52,2023,52,209,6,2,202,3.04698133069445,38.1962512204153,74.56658027247539,32,165,16239.276463451459,FALSE
Göteborg,2024-01,2024,1,210,6,2,134,2.24843565087295,3.84552701051594,373.40681217261823,331,416,57315.6217146553,FALSE
Göteborg,2024-02,2024,2,211,6,2,105,1.43409748941357,3.04698133069445,301.46030725879007,264,340,38596.6523282182,FALSE
Göteborg,2024-03,2024,3,212,6,2,70,0.305937106128889,2.24843565087295,244.19004769461088,210,279,30342.172715850815,FALSE
Helsingborg,2023-35,2023,35,192,5,1,61,2.20345996129995,3.91207921484321,64.85071745616868,33,121,14.828024927242197,TRUE
Helsingborg,2023-36,2023,36,193,5,1,70,1.95358642654268,2.20345996129995,38.33349013941113,26,52,1002.7678467507719,FALSE
Helsingborg,2023-37,2023,37,194,5,1,77,2.00225078623192,1.95358642654268,45.30646856817729,31,61,1004.4799346199343,FALSE
Helsingborg,2023-38,2023,38,195,5,1,49,1.50101923957401,2.00225078623192,57.49776104248857,42,75,72.21194273523642,TRUE
Helsingborg,2023-39,2023,39,196,5,1,60,1.11473954545012,1.50101923957401,63.81098392269199,45,85,14.523598459016819,TRUE
Helsingborg,2023-40,2023,40,197,5,1,54,1.16248026266732,1.11473954545012,64.17512815312254,45,86,103.53323293246697,TRUE
Helsingborg,2023-41,2023,41,198,5,1,90,0.884908059507457,1.16248026266732,55.21994385989622,38,75,1209.6523051087706,FALSE
Helsingborg,2023-42,2023,42,199,5,1,109,3.56018666237927,0.884908059507457,72.80717979550394,52,97,1309.9202343549782,FALSE
Helsingborg,2023-43,2023,43,200,5,1,133,5.08890117798856,3.56018666237927,15.734992225528552,6,34,13751.082048346847,FALSE
Helsingborg,2023-44,2023,44,201,5,1,177,3.37457122510078,5.08890117798856,168.73025859699774,119,232,68.38862287252974,TRUE
Helsingborg,2023-45,2023,45,202,5,1,302,1.71962397670458,3.37457122510078,128.7930413955166,104,154,30000.650509015224,FALSE
Helsingborg,2023-46,2023,46,203,5,1,280,16.3687235352283,1.71962397670458,132.7469400527201,108,159,21683.463663837207,FALSE
Helsingborg,2023-47,2023,47,204,5,1,306,5.91425317573062,16.3687235352283,260.38426835760214,145,465,2080.7949732712573,TRUE
Helsingborg,2023-48,2023,48,205,5,1,305,6.09786398122774,5.91425317573062,237.89114497070491,205,272,4503.598423342944,FALSE
Helsingborg,2023-49,2023,49,206,5,1,380,7.7702335834634,6.09786398122774,272.80632494341,238,309,11490.483972137805,FALSE
Helsingborg,2023-50,2023,50,207,5,1,402,7.19747690264288,7.7702335834634,315.3903140581452,277,354,7501.237698946725,FALSE
Helsingborg,2023-51,2023,51,208,5,1,296,5.00237290473589,7.19747690264288,334.3854554760441,295,375,1473.4431921033652,TRUE
Helsingborg,2023-52,2023,52,209,5,1,220,3.12179097894172,5.00237290473589,350.5540662354963,308,395,17044.364210622352,FALSE
Helsingborg,2024-01,2024,1,210,5,1,130,1.24120905314755,3.12179097894172,197.6749303700494,156,246,4579.896200591034,FALSE
Helsingborg,2024-02,2024,2,211,5,1,61,1.03330570882363,1.24120905314755,102.79239359167265,77,132,1746.6041621212812,FALSE
Helsingborg,2024-03,2024,3,212,5,1,59,0.336466695120884,1.03330570882363,71.74950436809497,53,93,162.54986163207283,TRUE
Helsingborg,2023-35,2023,35,192,5,2,61,2.20345996129995,2.6667452650386,24.744191949395052,6,90,1314.4836174023105,TRUE
Helsingborg,2023-36,2023,36,193,5,2,70,1.95358642654268,3.91207921484321,87.76907892041329,49,150,315.74016567987604,TRUE
Helsingborg,2023-37,2023,37,194,5,2,77,2.00225078623192,2.20345996129995,48.33427917473757,34,64,821.7235504318843,FALSE
Helsingborg,2023-38,2023,38,195,5,2,49,1.50101923957401,1.95358642654268,54.751899905137414,39,72,33.08435251871979,TRUE
Helsingborg,2023-39,2023,39,196,5,2,60,1.11473954545012,2.00225078623192,56.75569053248884,41,74,10.525543920982534,TRUE
Helsingborg,2023-40,2023,40,197,5,2,54,1.16248026266732,1.50101923957401,57.992287281112276,40,78,15.938357734930849,TRUE
Helsingborg,2023-41,2023,41,198,5,2,90,0.884908059507457,1.11473954545012,54.65954795637533,38,74,1248.9475506477354,FALSE
Helsingborg,2023-42,2023,42,199,5,2,109,3.56018666237927,1.16248026266732,75.47397580702898,55,99,1123.9942981876782,FALSE
Helsingborg,2023-43,2023,43,200,5,2,133,5.08890117798856,0.884908059507457,112.76115804647021,85,145,409.61072361995735,TRUE
Helsingborg,2023-44,2023,44,201,5,2,177,3.37457122510078,3.56018666237927,13.725243137268224,5,29,26658.646228584177,FALSE
Helsingborg,2023-45,2023,45,202,5,2,302,1.71962397670458,5.08890117798856,228.4873538305215,170,303,5404.109146838942,TRUE
Helsingborg,2023-46,2023,46,203,5,2,280,16.3687235352283,3.37457122510078,189.81357125470743,160,221,8133.591929829735,FALSE
Helsingborg,2023-47,2023,47,204,5,2,306,5.91425317573062,1.71962397670458,148.1065315047179,121,176,24930.347393470638,FALSE
Helsingborg,2023-48,2023,48,205,5,2,305,6.09786398122774,16.3687235352283,866.0875407545037,514,1456,314819.22838993685,FALSE
Helsingborg,2023-49,2023,49,206,5,2,380,7.7702335834634,5.91425317573062,273.3550404057951,238,309,11373.1474068496,FALSE
Helsingborg,2023-50,2023,50,207,5,2,402,7.19747690264288,6.09786398122774,314.4959918292382,276,353,7656.951445948745,FALSE
Helsingborg,2023-51,2023,51,208,5,2,296,5.00237290473589,7.7702335834634,334.27877876080777,295,375,1465.2649034188678,TRUE
Helsingborg,2023-52,2023,52,209,5,2,220,3.12179097894172,7.19747690264288,338.5069378678907,299,379,14043.89432282411,FALSE
Helsingborg,2024-01,2024,1,210,5,2,130,1.24120905314755,5.00237290473589,336.62261942312955,295,380,42692.90685727543,FALSE
Helsingborg,2024-02,2024,2,211,5,2,61,1.03330570882363,3.12179097894172,225.206697030168,178,279,26963.83934955738,FALSE
Helsingborg,2024-03,2024,3,212,5,2,59,0.336466695120884,1.24120905314755,60.24080049192618,41,83,1.53958586076425,TRUE
Helsingborg,2023-36,2023,36,193,6,1,70,1.95358642654268,2.20345996129995,38.33349013941113,26,52,1002.7678467507719,FALSE
Helsingborg,2023-37,2023,37,194,6,1,77,2.00225078623192,1.95358642654268,41.02733821634784,28,55,1294.0323958010283,FALSE
Helsingborg,2023-38,2023,38,195,6,1,49,1.50101923957401,2.00225078623192,51.557160878459534,37,68,6.539071758323936,TRUE
Helsingborg,2023-39,2023,39,196,6,1,60,1.11473954545012,1.50101923957401,54.190676708425094,38,72,33.74823710603469,TRUE
Helsingborg,2023-40,2023,40,197,6,1,54,1.16248026266732,1.11473954545012,63.16220107370488,44,84,83.94592851499883,TRUE
Helsingborg,2023-41,2023,41,198,6,1,90,0.884908059507457,1.16248026266732,60.38364295546383,44,79,877.1286045894474,FALSE
Helsingborg,2023-42,2023,42,199,6,1,109,3.56018666237927,0.884908059507457,70.22174037049741,50,94,1503.75341989311,FALSE
Helsingborg,2023-43,2023,43,200,6,1,133,5.08890117798856,3.56018666237927,30.764890923734573,15,55,10452.017527835891,FALSE
Helsingborg,2023-44,2023,44,201,6,1,177,3.37457122510078,5.08890117798856,149.06620612005773,104,208,780.2968405271004,TRUE
Helsingborg,2023-45,2023,45,202,6,1,302,1.71962397670458,3.37457122510078,124.16072915798739,100,149,31626.806253618717,FALSE
Helsingborg,2023-46,2023,46,203,6,1,280,16.3687235352283,1.71962397670458,114.96998662352847,92,139,27234.905315038366,FALSE
Helsingborg,2023-47,2023,47,204,6,1,306,5.91425317573062,16.3687235352283,556.6097817225943,324,951,62805.262695046375,FALSE
Helsingborg,2023-48,2023,48,205,6,1,305,6.09786398122774,5.91425317573062,219.842216353153,189,252,7251.8481156432035,FALSE
Helsingborg,2023-49,2023,49,206,6,1,380,7.7702335834634,6.09786398122774,249.95344438513874,216,284,16912.106627289202,FALSE
Helsingborg,2023-50,2023,50,207,6,1,402,7.19747690264288,7.7702335834634,294.3188000869963,258,332,11595.240814704268,FALSE
Helsingborg,2023-51,2023,51,208,6,1,296,5.00237290473589,7.19747690264288,329.5395611051264,291,368,1124.9021591245064,TRUE
Helsingborg,2023-52,2023,52,209,6,1,220,3.12179097894172,5.00237290473589,326.54043781317307,288,366,11350.864889422599,FALSE
Helsingborg,2024-01,2024,1,210,6,1,130,1.24120905314755,3.12179097894172,312.56957139595283,272,356,33331.64839970192,FALSE
Helsingborg,2024-02,2024,2,211,6,1,61,1.03330570882363,1.24120905314755,106.54910463103079,80,136,2074.7209326885904,FALSE
Helsingborg,2024-03,2024,3,212,6,1,59,0.336466695120884,1.03330570882363,78.93735635381384,59,101,397.4981783789611,TRUE
Helsingborg,2023-36,2023,36,193,6,2,70,1.95358642654268,3.91207921484321,87.76907892041329,49,150,315.74016567987604,TRUE
Helsingborg,2023-37,2023,37,194,6,2,77,2.00225078623192,2.20345996129995,48.33427917473757,34,64,821.7235504318843,FALSE
Helsingborg,2023-38,2023,38,195,6,2,49,1.50101923957401,1.95358642654268,50.28140293375965,36,66,1.6419934786478403,TRUE
Helsingborg,2023-39,2023,39,196,6,2,60,1.11473954545012,2.00225078623192,54.15732597493497,39,71,34.1368397631696,TRUE
Helsingborg,2023-40,2023,40,197,6,2,54,1.16248026266732,1.50101923957401,53.76988882618602,38,72,0.05295115231404815,TRUE
Helsingborg,2023-41,2023,41,198,6,2,90,0.884908059507457,1.11473954545012,54.42770556151275,38,74,1265.3881316184309,FALSE
Helsingborg,2023-42,2023,42,199,6,2,109,3.56018666237927,1.16248026266732,67.71031821265338,50,87,1704.8378221003434,FALSE
Helsingborg,2023-43,2023,43,200,6,2,133,5.08890117798856,0.884908059507457,100.10824623850368,75,129,1081.8674655069071,FALSE
Helsingborg,2023-44,2023,44,201,6,2,177,3.37457122510078,3.56018666237927,13.084786204974195,5,25,26868.19731346902,FALSE
Helsingborg,2023-45,2023,45,202,6,2,302,1.71962397670458,5.08890117798856,202.3537408707171,149,271,9929.376958460194,FALSE
Helsingborg,2023-46,2023,46,203,6,2,280,16.3687235352283,3.37457122510078,178.9227480201162,150,208,10216.610867804926,FALSE
Helsingborg,2023-47,2023,47,204,6,2,306,5.91425317573062,1.71962397670458,137.3423052776721,112,163,28445.417989049954,FALSE
Helsingborg,2023-48,2023,48,205,6,2,305,6.09786398122774,16.3687235352283,1597.2702378951788,986,2587,1669962.367749662,FALSE
Helsingborg,2023-49,2023,49,206,6,2,380,7.7702335834634,5.91425317573062,252.91492510143183,220,287,16150.616261974681,FALSE
Helsingborg,2023-50,2023,50,207,6,2,402,7.19747690264288,6.09786398122774,291.6377982612993,256,328,12179.815572613676,FALSE
Helsingborg,2023-51,2023,51,208,6,2,296,5.00237290473589,7.7702335834634,329.21919642674004,291,369,1103.5150112383383,TRUE
Helsingborg,2023-52,2023,52,209,6,2,220,3.12179097894172,7.19747690264288,327.97573833680724,290,367,11658.760069378664,FALSE
Helsingborg,2024-01,2024,1,210,6,2,130,1.24120905314755,5.00237290473589,323.27223235284646,285,363,37354.15579865267,FALSE
Helsingborg,2024-02,2024,2,211,6,2,61,1.03330570882363,3.12179097894172,274.78191007239457,237,314,45702.705074201396,FALSE
Helsingborg,2024-03,2024,3,212,6,2,59,0.336466695120884,1.24120905314755,79.81177821863183,57,105,433.13011262151826,TRUE
Henriksdal,2023-35,2023,35,192,5,1,149,0.86090349655588,0.895179721925146,68.16166771282381,45,97,6534.835966971912,FALSE
Henriksdal,2023-36,2023,36,193,5,1,189,1.05202976177127,0.86090349655588,115.5186906725258,91,143,5399.5028204799455,FALSE
Henriksdal,2023-37,2023,37,194,5,1,202,1.44355259146884,1.05202976177127,157.59708660829392,120,202,1971.618717671351,TRUE
Henriksdal,2023-38,2023,38,195,5,1,204,1.10714861323108,1.44355259146884,277.3484916811762,204,372,5380.001231903574,TRUE
Henriksdal,2023-39,2023,39,196,5,1,162,0.770744634993321,1.10714861323108,186.49294530337858,157,217,599.9043696342947,TRUE
Henriksdal,2023-40,2023,40,197,5,1,176,0.827467682324351,0.770744634993321,165.9638026604588,135,199,100.72525703821366,TRUE
Henriksdal,2023-41,2023,41,198,5,1,207,1.09490483511955,0.827467682324351,180.21076050365096,150,213,717.6633527927473,TRUE
Henriksdal,2023-42,2023,42,199,5,1,260,2.07208370803409,1.09490483511955,190.94836936237957,162,221,4768.127693714361,FALSE
Henriksdal,2023-43,2023,43,200,5,1,391,1.89051124976584,2.07208370803409,229.03815099843467,169,306,26231.640532005847,FALSE
Henriksdal,2023-44,2023,44,201,5,1,593,2.62388983184833,1.89051124976584,348.0728354502344,302,396,59989.31593438797,FALSE
Henriksdal,2023-45,2023,45,202,5,1,650,3.17603161659546,2.62388983184833,768.8775780119719,673,873,14131.87855399246,FALSE
Henriksdal,2023-46,2023,46,203,5,1,634,8.7088153591855,3.17603161659546,937.7072813067929,834,1049,92238.11271876343,FALSE
Henriksdal,2023-47,2023,47,204,5,1,686,5.974661537109,8.7088153591855,5368.493237120042,3724,7762,21925742.915674932,FALSE
Henriksdal,2023-48,2023,48,205,5,1,680,7.16474344934373,5.974661537109,637.2139086365893,580,695,1830.6496141581292,TRUE
Henriksdal,2023-49,2023,49,206,5,1,725,5.96146652579169,7.16474344934373,678.9840295069381,618,740,2117.4695404183435,TRUE
Henriksdal,2023-50,2023,50,207,5,1,808,8.42663519750747,5.96146652579169,679.1736371634507,623,736,16596.231761694242,FALSE
Henriksdal,2023-51,2023,51,208,5,1,619,4.51299345715116,8.42663519750747,729.4836826555569,665,797,12206.644133133803,FALSE
Henriksdal,2023-52,2023,52,209,5,1,462,2.19618760064277,4.51299345715116,802.0393090939339,718,890,115626.7317290799,FALSE
Henriksdal,2024-01,2024,1,210,5,1,356,1.54323167908409,2.19618760064277,539.9577643291518,464,622,33840.45905697976,FALSE
Henriksdal,2024-02,2024,2,211,5,1,236,0.890275757525401,1.54323167908409,387.17602593622456,337,440,22854.190817870043,FALSE
Henriksdal,2024-03,2024,3,212,5,1,178,0.165717519129038,0.890275757525401,297.3630168048166,257,340,14247.529780746929,FALSE
Henriksdal,2023-35,2023,35,192,5,2,149,0.86090349655588,0.557054133258566,69.52658314573424,47,97,6316.023986491894,FALSE
Henriksdal,2023-36,2023,36,193,5,2,189,1.05202976177127,0.895179721925146,113.08709951574627,81,152,5762.768459932209,FALSE
Henriksdal,2023-37,2023,37,194,5,2,202,1.44355259146884,0.86090349655588,155.8981494280261,127,187,2125.38062616061,FALSE
Henriksdal,2023-38,2023,38,195,5,2,204,1.10714861323108,1.05202976177127,205.6484798781856,162,257,2.717485908782848,TRUE
Henriksdal,2023-39,2023,39,196,5,2,162,0.770744634993321,1.44355259146884,282.6703389713817,213,373,14561.330707468156,FALSE
Henriksdal,2023-40,2023,40,197,5,2,176,0.827467682324351,1.10714861323108,182.3062578629065,153,212,39.76888823347013,TRUE
Henriksdal,2023-41,2023,41,198,5,2,207,1.09490483511955,0.770744634993321,206.61621100658502,171,244,0.14729399146648464,TRUE
Henriksdal,2023-42,2023,42,199,5,2,260,2.07208370803409,0.827467682324351,205.65628989705564,173,240,2953.2388277528567,FALSE
Henriksdal,2023-43,2023,43,200,5,2,391,1.89051124976584,1.09490483511955,193.83898260158062,164,224,38872.466781579824,FALSE
Henriksdal,2023-44,2023,44,201,5,2,593,2.62388983184833,2.07208370803409,168.74896311438835,124,226,179988.94229851663,FALSE
Henriksdal,2023-45,2023,45,202,5,2,650,3.17603161659546,1.89051124976584,516.5143412949031,461,574,17818.4210799336,FALSE
Henriksdal,2023-46,2023,46,203,5,2,634,8.7088153591855,2.62388983184833,997.2363874750665,888,1115,131940.67318593667,FALSE
Henriksdal,2023-47,2023,47,204,5,2,686,5.974661537109,3.17603161659546,921.4131593435355,824,1026,55419.355592104854,FALSE
Henriksdal,2023-48,2023,48,205,5,2,680,7.16474344934373,8.7088153591855,2427.4679691258557,1734,3403,3053644.3031208427,FALSE
Henriksdal,2023-49,2023,49,206,5,2,725,5.96146652579169,5.974661537109,665.1727705614555,606,725,3579.2973822922413,TRUE
Henriksdal,2023-50,2023,50,207,5,2,808,8.42663519750747,7.16474344934373,693.5799244743955,633,757,13091.953683285035,FALSE
Henriksdal,2023-51,2023,51,208,5,2,619,4.51299345715116,5.96146652579169,711.5699607285218,654,770,8569.197629280065,FALSE
Henriksdal,2023-52,2023,52,209,5,2,462,2.19618760064277,8.42663519750747,718.5963625069802,655,784,65841.69325181359,FALSE
Henriksdal,2024-01,2024,1,210,5,2,356,1.54323167908409,4.51299345715116,764.4727478572053,681,852,166849.985742016,FALSE
Henriksdal,2024-02,2024,2,211,5,2,236,0.890275757525401,2.19618760064277,471.7085808412471,403,547,55558.53508219473,FALSE
Henriksdal,2024-03,2024,3,212,5,2,178,0.165717519129038,1.54323167908409,271.9379824812633,230,316,8824.344552650131,FALSE
Henriksdal,2023-36,2023,36,193,6,1,189,1.05202976177127,0.86090349655588,115.5186906725258,91,143,5399.5028204799455,FALSE
Henriksdal,2023-37,2023,37,194,6,1,202,1.44355259146884,1.05202976177127,197.49331219285884,154,248,20.310234991034818,TRUE
Henriksdal,2023-38,2023,38,195,6,1,204,1.10714861323108,1.44355259146884,301.8417349901978,221,407,9573.005105892093,FALSE
Henriksdal,2023-39,2023,39,196,6,1,162,0.770744634993321,1.10714861323108,178.48322452362993,150,208,271.6966906963951,TRUE
Henriksdal,2023-40,2023,40,197,6,1,176,0.827467682324351,0.770744634993321,160.55374254611658,133,190,238.58686933164907,TRUE
Henriksdal,2023-41,2023,41,198,6,1,207,1.09490483511955,0.827467682324351,171.97080056420413,143,202,1227.044813112762,FALSE
Henriksdal,2023-42,2023,42,199,6,1,260,2.07208370803409,1.09490483511955,191.12282656581348,162,221,4744.065020283009,FALSE
Henriksdal,2023-43,2023,43,200,6,1,391,1.89051124976584,2.07208370803409,229.07480841341226,169,306,26219.767670353147,FALSE
Henriksdal,2023-44,2023,44,201,6,1,593,2.62388983184833,1.89051124976584,329.2110756179446,286,374,69584.59662664175,FALSE
Henriksdal,2023-45,2023,45,202,6,1,650,3.17603161659546,2.62388983184833,793.0123497593997,696,900,20452.532183704883,FALSE
Henriksdal,2023-46,2023,46,203,6,1,634,8.7088153591855,3.17603161659546,979.3339203040067,875,1090,119255.51651253406,FALSE
Henriksdal,2023-47,2023,47,204,6,1,686,5.974661537109,8.7088153591855,8340.355999247366,6123,11386,58589165.76321413,FALSE
Henriksdal,2023-48,2023,48,205,6,1,680,7.16474344934373,5.974661537109,626.0887522868167,570,684,2906.422629992216,TRUE
Henriksdal,2023-49,2023,49,206,6,1,725,5.96146652579169,7.16474344934373,677.9685905435125,617,740,2211.953475463781,TRUE
Henriksdal,2023-50,2023,50,207,6,1,808,8.42663519750747,5.96146652579169,675.118059744387,618,730,17657.610046096306,FALSE
Henriksdal,2023-51,2023,51,208,6,1,619,4.51299345715116,8.42663519750747,732.6278253084957,669,798,12911.282684338026,FALSE
Henriksdal,2023-52,2023,52,209,6,1,462,2.19618760064277,4.51299345715116,691.5349797794015,630,753,52686.30694233026,FALSE
Henriksdal,2024-01,2024,1,210,6,1,356,1.54323167908409,2.19618760064277,558.8036690276904,487,636,41129.32817109298,FALSE
Henriksdal,2024-02,2024,2,211,6,1,236,0.890275757525401,1.54323167908409,396.97354193417414,346,450,25912.481202833318,FALSE
Henriksdal,2024-03,2024,3,212,6,1,178,0.165717519129038,0.890275757525401,295.94841514660015,255,338,13911.828635594737,FALSE
Henriksdal,2023-36,2023,36,193,6,2,189,1.05202976177127,0.895179721925146,113.08709951574627,81,152,5762.768459932209,FALSE
Henriksdal,2023-37,2023,37,194,6,2,202,1.44355259146884,0.86090349655588,155.8981494280261,127,187,2125.38062616061,FALSE
Henriksdal,2023-38,2023,38,195,6,2,204,1.10714861323108,1.05202976177127,238.5885293180506,190,295,1196.3663603856462,TRUE
Henriksdal,2023-39,2023,39,196,6,2,162,0.770744634993321,1.44355259146884,302.74409199514906,226,402,19808.899431538983,FALSE
Henriksdal,2023-40,2023,40,197,6,2,176,0.827467682324351,1.10714861323108,178.53081629078073,150,208,6.405031097681155,TRUE
Henriksdal,2023-41,2023,41,198,6,2,207,1.09490483511955,0.770744634993321,179.05282717023204,150,209,781.0444691769208,TRUE
Henriksdal,2023-42,2023,42,199,6,2,260,2.07208370803409,0.827467682324351,202.72072733912123,172,236,3280.9150765592944,FALSE
Henriksdal,2023-43,2023,43,200,6,2,391,1.89051124976584,1.09490483511955,191.66366126018482,162,222,39734.97594219434,FALSE
Henriksdal,2023-44,2023,44,201,6,2,593,2.62388983184833,2.07208370803409,163.05398924151476,119,219,184853.57216713554,FALSE
Henriksdal,2023-45,2023,45,202,6,2,650,3.17603161659546,1.89051124976584,455.5545837030589,404,509,37809.019918890735,FALSE
Henriksdal,2023-46,2023,46,203,6,2,634,8.7088153591855,2.62388983184833,1038.3399382133077,924,1162,163490.7856343415,FALSE
Henriksdal,2023-47,2023,47,204,6,2,686,5.974661537109,3.17603161659546,999.4801665779603,899,1108,98269.81483774573,FALSE
Henriksdal,2023-48,2023,48,205,6,2,680,7.16474344934373,8.7088153591855,4645.71369730334,3496,6191,15726885.128979329,FALSE
Henriksdal,2023-49,2023,49,206,6,2,725,5.96146652579169,5.974661537109,659.3511574664517,600,718,4309.770525994621,FALSE
Henriksdal,2023-50,2023,50,207,6,2,808,8.42663519750747,7.16474344934373,693.5082899576133,632,755,13108.351668429945,FALSE
Henriksdal,2023-51,2023,51,208,6,2,619,4.51299345715116,5.96146652579169,710.6027587106203,654,768,8391.065403396116,FALSE
Henriksdal,2023-52,2023,52,209,6,2,462,2.19618760064277,8.42663519750747,725.4750054991828,662,791,69419.07852279439,FALSE
Henriksdal,2024-01,2024,1,210,6,2,356,1.54323167908409,4.51299345715116,696.7917909194568,637,758,116139.0447580908,FALSE
Henriksdal,2024-02,2024,2,211,6,2,236,0.890275757525401,2.19618760064277,468.32177945398473,403,538,53973.40920866592,FALSE
Henriksdal,2024-03,2024,3,212,6,2,178,0.165717519129038,1.54323167908409,299.3070935698936,256,344,14715.41095037492,FALSE
Jönköping,2023-35,2023,35,192,5,1,33,1.91670393811449,3.01103769228102,2.721165758529949e-4,0,1,1088.9820403800413,FALSE
Jönköping,2023-36,2023,36,193,5,1,24,1.42909374958483,1.91670393811449,23.52533303937142,14,35,0.2253087235123725,TRUE
Jönköping,2023-37,2023,37,194,5,1,17,1.42443994414492,1.42909374958483,20.537872939613884,11,32,12.516544936852183,TRUE
Jönköping,2023-38,2023,38,195,5,1,41,2.50975184488084,1.42443994414492,23.246521556150554,13,35,315.18599685622695,FALSE
Jönköping,2023-39,2023,39,196,5,1,19,1.23416219573676,2.50975184488084,30.043647206563872,18,44,121.962143623046,TRUE
Jönköping,2023-40,2023,40,197,5,1,39,0.673040529383493,1.23416219573676,26.822419726936133,15,41,148.29346130691425,TRUE
Jönköping,2023-41,2023,41,198,5,1,39,3.21894722283887,0.673040529383493,46.34627599329497,27,74,53.96777096966195,TRUE
Jönköping,2023-42,2023,42,199,5,1,33,2.11507308113905,3.21894722283887,14.667975519102377,6,29,336.06312156822975,FALSE
Jönköping,2023-43,2023,43,200,5,1,82,1.77762181323708,2.11507308113905,32.16940747762674,21,45,2483.0879511308017,FALSE
Jönköping,2023-44,2023,44,201,5,1,114,2.26258913545199,1.77762181323708,42.81635133499721,29,58,5067.111837262554,FALSE
Jönköping,2023-45,2023,45,202,5,1,159,6.9206129207465,2.26258913545199,61.760007019770335,45,80,9455.616234795114,FALSE
Jönköping,2023-46,2023,46,203,5,1,145,9.57413568916488,6.9206129207465,101.73835141241328,54,185,1871.570238515844,TRUE
Jönköping,2023-47,2023,47,204,5,1,155,5.57238799649583,9.57413568916488,148.58358719537796,107,202,41.17035327931769,TRUE
Jönköping,2023-48,2023,48,205,5,1,140,4.48054303820362,5.57238799649583,135.3039503044501,111,161,22.05288274307433,TRUE
Jönköping,2023-49,2023,49,206,5,1,136,5.34416471201655,4.48054303820362,140.5691663257705,115,167,20.877280912555182,TRUE
Jönköping,2023-50,2023,50,207,5,1,109,7.40004605688024,5.34416471201655,146.97736266494925,121,174,1442.2800749850815,FALSE
Jönköping,2023-51,2023,51,208,5,1,97,1.93438988030584,7.40004605688024,142.3988484225745,117,169,2061.0554380958956,FALSE
Jönköping,2023-52,2023,52,209,5,1,104,2.83242134426913,1.93438988030584,114.5252389080565,85,149,110.78065407166626,TRUE
Jönköping,2024-01,2024,1,210,5,1,61,1.20262522474422,2.83242134426913,118.2062831110405,93,145,3272.5588273805183,FALSE
Jönköping,2024-02,2024,2,211,5,1,52,1.16999424350851,1.20262522474422,92.42339197875789,69,119,1634.050619068308,FALSE
Jönköping,2024-03,2024,3,212,5,1,29,0.547775974201692,1.16999424350851,70.46383324482225,52,91,1719.2494673544272,FALSE
Jönköping,2023-35,2023,35,192,5,2,33,1.91670393811449,1.38888619479679,21.62448633344433,7,53,129.4023111779948,TRUE
Jönköping,2023-36,2023,36,193,5,2,24,1.42909374958483,3.01103769228102,5.572619062765345,0,2944,339.5683682059592,TRUE
Jönköping,2023-37,2023,37,194,5,2,17,1.42443994414492,1.91670393811449,27.3944976059118,17,40,108.04558047930611,TRUE
Jönköping,2023-38,2023,38,195,5,2,41,2.50975184488084,1.42909374958483,27.20982544312551,16,40,190.16891430906853,FALSE
Jönköping,2023-39,2023,39,196,5,2,19,1.23416219573676,1.42443994414492,30.691176787855227,19,44,136.68361468488487,TRUE
Jönköping,2023-40,2023,40,197,5,2,39,0.673040529383493,2.50975184488084,23.29091501066117,13,36,246.77535120227054,FALSE
Jönköping,2023-41,2023,41,198,5,2,39,3.21894722283887,1.23416219573676,27.898629654171977,16,42,123.24042355522981,TRUE
Jönköping,2023-42,2023,42,199,5,2,33,2.11507308113905,0.673040529383493,30.698132350243146,17,50,5.298594676997143,TRUE
Jönköping,2023-43,2023,43,200,5,2,82,1.77762181323708,3.21894722283887,39.66992647947357,22,67,1791.835124253173,FALSE
Jönköping,2023-44,2023,44,201,5,2,114,2.26258913545199,2.11507308113905,44.62741689981583,31,60,4812.555285991959,FALSE
Jönköping,2023-45,2023,45,202,5,2,159,6.9206129207465,1.77762181323708,56.124580900029535,41,73,10583.351854994566,FALSE
Jönköping,2023-46,2023,46,203,5,2,145,9.57413568916488,2.26258913545199,93.98100556449324,73,116,2602.9377932102693,FALSE
Jönköping,2023-47,2023,47,204,5,2,155,5.57238799649583,6.9206129207465,267.3855203087549,157,450,12630.505175069562,FALSE
Jönköping,2023-48,2023,48,205,5,2,140,4.48054303820362,9.57413568916488,150.7289405605237,110,202,115.11016555125083,TRUE
Jönköping,2023-49,2023,49,206,5,2,136,5.34416471201655,5.57238799649583,143.31547356073813,118,170,53.51615341785857,TRUE
Jönköping,2023-50,2023,50,207,5,2,109,7.40004605688024,4.48054303820362,147.93186288512885,122,175,1515.6899477064733,FALSE
Jönköping,2023-51,2023,51,208,5,2,97,1.93438988030584,5.34416471201655,136.39649927072261,112,162,1552.0841547880475,FALSE
Jönköping,2023-52,2023,52,209,5,2,104,2.83242134426913,7.40004605688024,134.061028823356,109,160,903.6654539186401,FALSE
Jönköping,2024-01,2024,1,210,5,2,61,1.20262522474422,1.93438988030584,97.17731697402112,70,129,1308.798263438797,FALSE
Jönköping,2024-02,2024,2,211,5,2,52,1.16999424350851,2.83242134426913,82.10995835198156,61,105,906.6095919580641,FALSE
Jönköping,2024-03,2024,3,212,5,2,29,0.547775974201692,1.20262522474422,57.344128071778755,40,78,803.3895961493964,FALSE
Jönköping,2023-36,2023,36,193,6,1,24,1.42909374958483,1.91670393811449,23.52533303937142,14,35,0.2253087235123725,TRUE
Jönköping,2023-37,2023,37,194,6,1,17,1.42443994414492,1.42909374958483,20.537872939613884,11,32,12.516544936852183,TRUE
Jönköping,2023-38,2023,38,195,6,1,41,2.50975184488084,1.42443994414492,19.71141868712203,11,30,453.2036943150171,FALSE
Jönköping,2023-39,2023,39,196,6,1,19,1.23416219573676,2.50975184488084,30.1722463709428,18,44,124.81908897304459,TRUE
Jönköping,2023-40,2023,40,197,6,1,39,0.673040529383493,1.23416219573676,26.206890864221503,15,39,163.66364135993925,TRUE
Jönköping,2023-41,2023,41,198,6,1,39,3.21894722283887,0.673040529383493,33.39273463651927,20,51,31.441424856490663,TRUE
Jönköping,2023-42,2023,42,199,6,1,33,2.11507308113905,3.21894722283887,14.347461850807834,6,27,347.91717940706917,FALSE
Jönköping,2023-43,2023,43,200,6,1,82,1.77762181323708,2.11507308113905,29.642558040090215,19,42,2741.3017285853216,FALSE
Jönköping,2023-44,2023,44,201,6,1,114,2.26258913545199,1.77762181323708,42.329579957759215,29,57,5136.649109031228,FALSE
Jönköping,2023-45,2023,45,202,6,1,159,6.9206129207465,2.26258913545199,52.361029100865046,37,68,11371.870114426552,FALSE
Jönköping,2023-46,2023,46,203,6,1,145,9.57413568916488,6.9206129207465,150.83315503154574,82,270,34.025697622047424,TRUE
Jönköping,2023-47,2023,47,204,6,1,155,5.57238799649583,9.57413568916488,184.63271293359264,137,245,878.0976758047087,TRUE
Jönköping,2023-48,2023,48,205,6,1,140,4.48054303820362,5.57238799649583,121.53968953204676,98,146,340.7830625732238,TRUE
Jönköping,2023-49,2023,49,206,6,1,136,5.34416471201655,4.48054303820362,130.53808104850165,107,155,29.83255863273681,TRUE
Jönköping,2023-50,2023,50,207,6,1,109,7.40004605688024,5.34416471201655,141.9647365563695,117,168,1086.6738562308437,FALSE
Jönköping,2023-51,2023,51,208,6,1,97,1.93438988030584,7.40004605688024,141.51041476658943,116,168,1981.177022693823,FALSE
Jönköping,2023-52,2023,52,209,6,1,104,2.83242134426913,1.93438988030584,115.7484114406787,86,151,138.02517137947004,TRUE
Jönköping,2024-01,2024,1,210,6,1,61,1.20262522474422,2.83242134426913,111.89549560151755,88,137,2590.3514725240925,FALSE
Jönköping,2024-02,2024,2,211,6,1,52,1.16999424350851,1.20262522474422,92.79205865589894,70,119,1663.9920493862996,FALSE
Jönköping,2024-03,2024,3,212,6,1,29,0.547775974201692,1.16999424350851,75.79328641369112,56,97,2189.61165339373,FALSE
Jönköping,2023-36,2023,36,193,6,2,24,1.42909374958483,3.01103769228102,5.572619062765345,0,2944,339.5683682059592,TRUE
Jönköping,2023-37,2023,37,194,6,2,17,1.42443994414492,1.91670393811449,27.3944976059118,17,40,108.04558047930611,TRUE
Jönköping,2023-38,2023,38,195,6,2,41,2.50975184488084,1.42909374958483,27.20982544312551,16,40,190.16891430906853,FALSE
Jönköping,2023-39,2023,39,196,6,2,19,1.23416219573676,1.42443994414492,30.47465104907403,19,43,131.66761669801573,TRUE
Jönköping,2023-40,2023,40,197,6,2,39,0.673040529383493,2.50975184488084,23.141155993516243,13,36,251.50293322198578,FALSE
Jönköping,2023-41,2023,41,198,6,2,39,3.21894722283887,1.23416219573676,29.631660845565303,18,43,87.7657785125142,TRUE
Jönköping,2023-42,2023,42,199,6,2,33,2.11507308113905,0.673040529383493,33.73897166440418,20,51,0.5460791207922879,TRUE
Jönköping,2023-43,2023,43,200,6,2,82,1.77762181323708,3.21894722283887,30.14045094003026,16,51,2689.412828703408,FALSE
Jönköping,2023-44,2023,44,201,6,2,114,2.26258913545199,2.11507308113905,45.870525873552154,32,61,4641.625244746327,FALSE
Jönköping,2023-45,2023,45,202,6,2,159,6.9206129207465,1.77762181323708,49.69510202864556,35,65,11947.560720528207,FALSE
Jönköping,2023-46,2023,46,203,6,2,145,9.57413568916488,2.26258913545199,81.83966251452829,63,102,3989.2282312786833,FALSE
Jönköping,2023-47,2023,47,204,6,2,155,5.57238799649583,6.9206129207465,412.9899696315047,247,687,66558.82443046472,FALSE
Jönköping,2023-48,2023,48,205,6,2,140,4.48054303820362,9.57413568916488,205.41993663536832,155,267,4279.7681093756055,FALSE
Jönköping,2023-49,2023,49,206,6,2,136,5.34416471201655,5.57238799649583,134.84943067655513,110,160,1.3238097680523857,TRUE
Jönköping,2023-50,2023,50,207,6,2,109,7.40004605688024,4.48054303820362,141.36135882651863,117,167,1047.257545098695,FALSE
Jönköping,2023-51,2023,51,208,6,2,97,1.93438988030584,5.34416471201655,140.46464435446993,116,166,1889.1753088605544,FALSE
Jönköping,2023-52,2023,52,209,6,2,104,2.83242134426913,7.40004605688024,133.38968032438157,109,159,863.7533095693414,FALSE
Jönköping,2024-01,2024,1,210,6,2,61,1.20262522474422,1.93438988030584,100.07825953121086,73,132,1527.1103679886726,FALSE
Jönköping,2024-02,2024,2,211,6,2,52,1.16999424350851,2.83242134426913,83.9479751493419,64,106,1020.6731161429676,FALSE
Jönköping,2024-03,2024,3,212,6,2,29,0.547775974201692,1.20262522474422,58.686243012329946,41,79,881.2730241871086,FALSE
Kalmar,2023-35,2023,35,192,5,1,4,0.929731369667128,3.74929241934984,6.227444689302076,0,33,4.961509843900022,TRUE
Kalmar,2023-36,2023,36,193,5,1,7,1.37147356121935,0.929731369667128,7.887000136762064,3,15,0.7867692426159208,TRUE
Kalmar,2023-37,2023,37,194,5,1,11,1.65673775403123,1.37147356121935,7.834797487418889,3,15,10.018506945649776,TRUE
Kalmar,2023-38,2023,38,195,5,1,13,1.25086911448093,1.65673775403123,7.571895943950158,2,14,29.46431364330475,TRUE
Kalmar,2023-39,2023,39,196,5,1,8,1.05456241855556,1.25086911448093,9.93771784221285,4,18,3.754750436030023,TRUE
Kalmar,2023-40,2023,40,197,5,1,2,0.617878809782786,1.05456241855556,10.009136249488634,4,18,64.14626346287287,FALSE
Kalmar,2023-41,2023,41,198,5,1,35,2.55584290391769,0.617878809782786,3.087336653667246,0,10,1018.41808185637,FALSE
Kalmar,2023-42,2023,42,199,5,1,19,1.7804029061949,2.55584290391769,1.9529522801837842,0,7,290.6018359616913,FALSE
Kalmar,2023-43,2023,43,200,5,1,52,3.56589007302601,1.7804029061949,14.290391864815412,7,24,1422.0145457091796,FALSE
Kalmar,2023-44,2023,44,201,5,1,100,3.78983369461236,3.56589007302601,29.992853228846034,14,57,4901.000599037894,FALSE
Kalmar,2023-45,2023,45,202,5,1,104,12.066872058465,3.78983369461236,94.51767684893474,69,126,89.91445234122818,TRUE
Kalmar,2023-46,2023,46,203,5,1,139,16.3782944987443,12.066872058465,2658.4840853714704,962,7414,6347800.056440115,FALSE
Kalmar,2023-47,2023,47,204,5,1,125,11.424580691505,16.3782944987443,213.5435839240712,160,280,7839.966254119043,FALSE
Kalmar,2023-48,2023,48,205,5,1,98,8.29434881518075,11.424580691505,117.64424609005897,94,142,385.89640444679713,TRUE
Kalmar,2023-49,2023,49,206,5,1,99,8.88162209383151,8.29434881518075,110.50027864804072,88,134,132.2564089825813,TRUE
Kalmar,2023-50,2023,50,207,5,1,62,10.0130317142699,8.88162209383151,109.4166583485255,87,133,2248.339488940793,FALSE
Kalmar,2023-51,2023,51,208,5,1,41,5.56673798552824,10.0130317142699,95.60287112792618,75,118,2981.4735354129143,FALSE
Kalmar,2023-52,2023,52,209,5,1,28,1.12044425678658,5.56673798552824,56.79290394909154,39,77,829.0313178216111,FALSE
Kalmar,2024-01,2024,1,210,5,1,22,0.892279933382982,1.12044425678658,22.128808106550824,10,40,0.016591528313208537,TRUE
Kalmar,2024-02,2024,2,211,5,1,16,1.02150202264841,0.892279933382982,23.261361265323043,12,37,52.727367425533856,TRUE
Kalmar,2024-03,2024,3,212,5,1,2,0.150915764320423,1.02150202264841,19.023639045950436,10,30,289.80428636680824,FALSE
Kalmar,2023-35,2023,35,192,5,2,4,0.929731369667128,2.19184816918055,14.863623846412846,1,95,118.01832307634984,TRUE
Kalmar,2023-36,2023,36,193,5,2,7,1.37147356121935,3.74929241934984,2.868277705310171,0,18,17.071129120436986,TRUE
Kalmar,2023-37,2023,37,194,5,2,11,1.65673775403123,0.929731369667128,8.022229995291903,3,15,8.867114200939257,TRUE
Kalmar,2023-38,2023,38,195,5,2,13,1.25086911448093,1.37147356121935,7.8926809573546075,3,15,26.08470780336825,TRUE
Kalmar,2023-39,2023,39,196,5,2,8,1.05456241855556,1.65673775403123,8.439513143529432,3,15,0.19317180333512285,TRUE
Kalmar,2023-40,2023,40,197,5,2,2,0.617878809782786,1.25086911448093,9.99415234265234,4,18,63.906471677533894,FALSE
Kalmar,2023-41,2023,41,198,5,2,35,2.55584290391769,1.05456241855556,8.70978346890681,3,16,691.1754852517656,FALSE
Kalmar,2023-42,2023,42,199,5,2,19,1.7804029061949,0.617878809782786,31.538982544187927,14,61,157.22608324344955,TRUE
Kalmar,2023-43,2023,43,200,5,2,52,3.56589007302601,2.55584290391769,3.8458377551430125,0,12,2318.8233415040104,FALSE
Kalmar,2023-44,2023,44,201,5,2,100,3.78983369461236,1.7804029061949,26.370156272719637,16,38,5421.353887303727,FALSE
Kalmar,2023-45,2023,45,202,5,2,104,12.066872058465,3.56589007302601,138.5617373611513,90,208,1194.5136894212017,TRUE
Kalmar,2023-46,2023,46,203,5,2,139,16.3782944987443,3.78983369461236,117.15585896549463,89,150,477.1664975353613,TRUE
Kalmar,2023-47,2023,47,204,5,2,125,11.424580691505,12.066872058465,3578.360339190892,1487,8664,11925697.632296631,FALSE
Kalmar,2023-48,2023,48,205,5,2,98,8.29434881518075,16.3782944987443,148.97064093479005,109,199,2598.0062373032956,FALSE
Kalmar,2023-49,2023,49,206,5,2,99,8.88162209383151,11.424580691505,111.60542114518083,89,136,158.89664224737191,TRUE
Kalmar,2023-50,2023,50,207,5,2,62,10.0130317142699,8.29434881518075,114.52691669393,92,138,2759.0769773710626,FALSE
Kalmar,2023-51,2023,51,208,5,2,41,5.56673798552824,8.88162209383151,106.93196944271048,85,130,4347.024594594509,FALSE
Kalmar,2023-52,2023,52,209,5,2,28,1.12044425678658,10.0130317142699,74.91932406391903,57,95,2201.422970615052,FALSE
Kalmar,2024-01,2024,1,210,5,2,22,0.892279933382982,5.56673798552824,38.136855047113364,24,54,260.39809081154806,FALSE
Kalmar,2024-02,2024,2,211,5,2,16,1.02150202264841,1.12044425678658,8.745634276995789,2,19,52.62582204309841,TRUE
Kalmar,2024-03,2024,3,212,5,2,2,0.150915764320423,0.892279933382982,17.250056463550848,8,30,232.564222141489,FALSE
Kalmar,2023-36,2023,36,193,6,1,7,1.37147356121935,0.929731369667128,7.887000136762064,3,15,0.7867692426159208,TRUE
Kalmar,2023-37,2023,37,194,6,1,11,1.65673775403123,1.37147356121935,7.054649910707193,2,13,15.565787327082763,TRUE
Kalmar,2023-38,2023,38,195,6,1,13,1.25086911448093,1.65673775403123,7.835770438298575,3,15,26.66926696595089,TRUE
Kalmar,2023-39,2023,39,196,6,1,8,1.05456241855556,1.25086911448093,9.269483207972867,4,17,1.6115876153250805,TRUE
Kalmar,2023-40,2023,40,197,6,1,2,0.617878809782786,1.05456241855556,9.949234145440654,4,18,63.1903234990396,FALSE
Kalmar,2023-41,2023,41,198,6,1,35,2.55584290391769,0.617878809782786,8.53148968108773,3,17,700.5820385023653,FALSE
Kalmar,2023-42,2023,42,199,6,1,19,1.7804029061949,2.55584290391769,1.9909796981976868,0,8,289.3067716271232,FALSE
Kalmar,2023-43,2023,43,200,6,1,52,3.56589007302601,1.7804029061949,13.585999884248777,6,22,1475.635404892935,FALSE
Kalmar,2023-44,2023,44,201,6,1,100,3.78983369461236,3.56589007302601,26.224695129065413,12,51,5442.795608799345,FALSE
Kalmar,2023-45,2023,45,202,6,1,104,12.066872058465,3.78983369461236,97.81329767688017,72,129,38.27528563489632,TRUE
Kalmar,2023-46,2023,46,203,6,1,139,16.3782944987443,12.066872058465,9068.768517517712,3397,24465,79740765.776450485,FALSE
Kalmar,2023-47,2023,47,204,6,1,125,11.424580691505,16.3782944987443,228.85170964275585,174,297,10785.177595723268,FALSE
Kalmar,2023-48,2023,48,205,6,1,98,8.29434881518075,11.424580691505,111.28174241321848,89,135,176.40468153108668,TRUE
Kalmar,2023-49,2023,49,206,6,1,99,8.88162209383151,8.29434881518075,101.59455604987771,80,124,6.731721095957025,TRUE
Kalmar,2023-50,2023,50,207,6,1,62,10.0130317142699,8.88162209383151,109.66048335869323,88,132,2271.521673984274,FALSE
Kalmar,2023-51,2023,51,208,6,1,41,5.56673798552824,10.0130317142699,103.57557819473017,82,126,3915.70298640479,FALSE
Kalmar,2023-52,2023,52,209,6,1,28,1.12044425678658,5.56673798552824,60.84912997755447,43,82,1079.0653402822677,FALSE
Kalmar,2024-01,2024,1,210,6,1,22,0.892279933382982,1.12044425678658,30.018869153765415,18,45,64.30226250521046,TRUE
Kalmar,2024-02,2024,2,211,6,1,16,1.02150202264841,0.892279933382982,21.37486319748846,11,34,28.88915439171586,TRUE
Kalmar,2024-03,2024,3,212,6,1,2,0.150915764320423,1.02150202264841,20.554423992057988,11,32,344.26664967705705,FALSE
Kalmar,2023-36,2023,36,193,6,2,7,1.37147356121935,3.74929241934984,2.868277705310171,0,18,17.071129120436986,TRUE
Kalmar,2023-37,2023,37,194,6,2,11,1.65673775403123,0.929731369667128,8.022229995291903,3,15,8.867114200939257,TRUE
Kalmar,2023-38,2023,38,195,6,2,13,1.25086911448093,1.37147356121935,8.21949241901644,3,15,22.853252731841287,TRUE
Kalmar,2023-39,2023,39,196,6,2,8,1.05456241855556,1.65673775403123,8.449787964404587,3,15,0.20230921292322204,TRUE
Kalmar,2023-40,2023,40,197,6,2,2,0.617878809782786,1.25086911448093,8.87100366690518,3,16,47.210691390624426,FALSE
Kalmar,2023-41,2023,41,198,6,2,35,2.55584290391769,1.05456241855556,8.283671680024003,3,16,713.7621989007515,FALSE
Kalmar,2023-42,2023,42,199,6,2,19,1.7804029061949,0.617878809782786,17.92889018063521,9,30,1.1472762451396714,TRUE
Kalmar,2023-43,2023,43,200,6,2,52,3.56589007302601,2.55584290391769,4.0576398276152625,0,13,2298.4698988986624,FALSE
Kalmar,2023-44,2023,44,201,6,2,100,3.78983369461236,1.7804029061949,24.989063366399613,15,37,5626.640614650011,FALSE
Kalmar,2023-45,2023,45,202,6,2,104,12.066872058465,3.56589007302601,125.46357512396271,79,194,460.685057101991,TRUE
Kalmar,2023-46,2023,46,203,6,2,139,16.3782944987443,3.78983369461236,122.93543020720571,93,157,258.0704026275587,TRUE
Kalmar,2023-47,2023,47,204,6,2,125,11.424580691505,12.066872058465,4375.54665598366,1991,9693,18067146.87469387,FALSE
Kalmar,2023-48,2023,48,205,6,2,98,8.29434881518075,16.3782944987443,185.62366884432782,139,243,7677.907341740427,FALSE
Kalmar,2023-49,2023,49,206,6,2,99,8.88162209383151,11.424580691505,107.73467318368509,85,132,76.29451562578741,TRUE
Kalmar,2023-50,2023,50,207,6,2,62,10.0130317142699,8.29434881518075,110.6984945497739,89,133,2371.543371414358,FALSE
Kalmar,2023-51,2023,51,208,6,2,41,5.56673798552824,8.88162209383151,104.79503074648018,84,127,4069.8059479443514,FALSE
Kalmar,2023-52,2023,52,209,6,2,28,1.12044425678658,10.0130317142699,94.05009530535973,74,115,4362.615089847104,FALSE
Kalmar,2024-01,2024,1,210,6,2,22,0.892279933382982,5.56673798552824,42.82833587138314,28,60,433.81957517114563,FALSE
Kalmar,2024-02,2024,2,211,6,2,16,1.02150202264841,1.12044425678658,19.723103023089102,10,32,13.861496120535213,TRUE
Kalmar,2024-03,2024,3,212,6,2,2,0.150915764320423,0.892279933382982,11.871196115492742,5,22,97.44051275051899,FALSE
Karlstad,2023-35,2023,35,192,5,1,16,1.00377849150824,1.13019032330093,12.867452993577455,6,22,9.812850747446848,TRUE
Karlstad,2023-36,2023,36,193,5,1,20,2.76190010116614,1.00377849150824,7.818196593194574,2,16,148.39633424205627,FALSE
Karlstad,2023-37,2023,37,194,5,1,29,3.10644323630882,2.76190010116614,357.38097612783207,14,8969,107834.06548266782,TRUE
Karlstad,2023-38,2023,38,195,5,1,39,1.25910358555244,3.10644323630882,31.611677084386525,17,53,54.5873155053792,TRUE
Karlstad,2023-39,2023,39,196,5,1,33,0.952682135150877,1.25910358555244,20.055835608477572,11,31,167.55139179475717,FALSE
Karlstad,2023-40,2023,40,197,5,1,35,1.84005501663553,0.952682135150877,21.544794867355435,12,33,181.04254516154464,FALSE
Karlstad,2023-41,2023,41,198,5,1,56,1.20853327713935,1.84005501663553,31.14831882882248,20,44,617.6060570338593,FALSE
Karlstad,2023-42,2023,42,199,5,1,117,3.06874627910629,1.20853327713935,38.79083858485177,25,54,6116.672929260711,FALSE
Karlstad,2023-43,2023,43,200,5,1,149,3.97423281015114,3.06874627910629,43.10262450530539,27,63,11214.254136664347,FALSE
Karlstad,2023-44,2023,44,201,5,1,201,13.5074717152204,3.97423281015114,221.52677845012624,166,292,421.34863354056716,TRUE
Karlstad,2023-45,2023,45,202,5,1,223,6.20164992126897,13.5074717152204,8786.228608432544,4063,19159,73328884.20027757,FALSE
Karlstad,2023-46,2023,46,203,5,1,231,7.26615006577346,6.20164992126897,156.51481905314307,130,184,5548.042180686019,FALSE
Karlstad,2023-47,2023,47,204,5,1,186,5.14404479546137,7.26615006577346,193.6220752520963,164,224,58.09603114861879,TRUE
Karlstad,2023-48,2023,48,205,5,1,127,4.87797171786338,5.14404479546137,189.9460335344215,160,221,3962.2031377165163,FALSE
Karlstad,2023-49,2023,49,206,5,1,217,5.93940322370335,4.87797171786338,182.75673087115018,153,214,1172.601480630839,FALSE
Karlstad,2023-50,2023,50,207,5,1,148,6.62610380805498,5.93940322370335,190.09679079386203,160,221,1772.1397951421868,FALSE
Karlstad,2023-51,2023,51,208,5,1,109,7.31280439240662,6.62610380805498,186.85960099715,156,219,6062.117467435403,FALSE
Karlstad,2023-52,2023,52,209,5,1,83,4.3580865460135,7.31280439240662,146.01627314424135,117,178,3971.050680989634,FALSE
Karlstad,2024-01,2024,1,210,5,1,67,1.40336869962038,4.3580865460135,219.92012514885707,179,265,23384.564675542108,FALSE
Karlstad,2024-02,2024,2,211,5,1,46,1.1963437795318,1.40336869962038,194.13533568506995,134,273,21944.077678528356,FALSE
Karlstad,2024-03,2024,3,212,5,1,33,0.247414319471431,1.1963437795318,50.78090362438693,34,71,316.1605336997363,FALSE
Karlstad,2023-35,2023,35,192,5,2,16,1.00377849150824,1.20102596395641,18.84756078900054,10,31,8.108602447053373,TRUE
Karlstad,2023-36,2023,36,193,5,2,20,2.76190010116614,1.13019032330093,16.873636546847198,9,27,9.774148441209512,TRUE
Karlstad,2023-37,2023,37,194,5,2,29,3.10644323630882,1.00377849150824,15.858730938527886,7,27,172.69295254600416,FALSE
Karlstad,2023-38,2023,38,195,5,2,39,1.25910358555244,2.76190010116614,3.688252791973298,0,73,1246.9194908835816,TRUE
Karlstad,2023-39,2023,39,196,5,2,33,0.952682135150877,3.10644323630882,42.747021368087246,25,68,95.00442554994937,TRUE
Karlstad,2023-40,2023,40,197,5,2,35,1.84005501663553,1.25910358555244,23.0505017626454,13,34,142.7905081245407,FALSE
Karlstad,2023-41,2023,41,198,5,2,56,1.20853327713935,0.952682135150877,27.456191551307693,16,41,814.7490007556383,FALSE
Karlstad,2023-42,2023,42,199,5,2,117,3.06874627910629,1.84005501663553,38.24299201284025,26,52,6202.666307089545,FALSE
Karlstad,2023-43,2023,43,200,5,2,149,3.97423281015114,1.20853327713935,63.262891353027975,46,82,7350.851799142684,FALSE
Karlstad,2023-44,2023,44,201,5,2,201,13.5074717152204,3.06874627910629,51.87814487746895,35,72,22237.327675185144,FALSE
Karlstad,2023-45,2023,45,202,5,2,223,6.20164992126897,3.97423281015114,314.67214820364995,247,397,8403.782756271961,FALSE
Karlstad,2023-46,2023,46,203,5,2,231,7.26615006577346,13.5074717152204,4085.0304722506094,2094,7994,14853550.881036256,FALSE
Karlstad,2023-47,2023,47,204,5,2,186,5.14404479546137,6.20164992126897,191.15414363958328,162,222,26.5651966574568,TRUE
Karlstad,2023-48,2023,48,205,5,2,127,4.87797171786338,7.26615006577346,204.557695575471,174,236,6015.196142977434,FALSE
Karlstad,2023-49,2023,49,206,5,2,217,5.93940322370335,5.14404479546137,190.76732334824828,161,222,688.1533243153597,TRUE
Karlstad,2023-50,2023,50,207,5,2,148,6.62610380805498,4.87797171786338,192.77472170915996,162,225,2004.7757041327204,FALSE
Karlstad,2023-51,2023,51,208,5,2,109,7.31280439240662,5.93940322370335,172.62866492906554,144,202,4048.6070006552945,FALSE
Karlstad,2023-52,2023,52,209,5,2,83,4.3580865460135,6.62610380805498,142.35254796038907,116,171,3522.7249493902855,FALSE
Karlstad,2024-01,2024,1,210,5,2,67,1.40336869962038,7.31280439240662,97.369966399566,74,123,922.3348591107676,FALSE
Karlstad,2024-02,2024,2,211,5,2,46,1.1963437795318,4.3580865460135,233.65384596060585,191,281,35213.96590380679,FALSE
Karlstad,2024-03,2024,3,212,5,2,33,0.247414319471431,1.40336869962038,113.97060603380196,73,171,6556.239041481166,FALSE
Karlstad,2023-36,2023,36,193,6,1,20,2.76190010116614,1.00377849150824,7.818196593194574,2,16,148.39633424205627,FALSE
Karlstad,2023-37,2023,37,194,6,1,29,3.10644323630882,2.76190010116614,871.3687385378242,35,21831,709585.0916658053,FALSE
Karlstad,2023-38,2023,38,195,6,1,39,1.25910358555244,3.10644323630882,33.52864818540156,18,56,29.93569067910967,TRUE
Karlstad,2023-39,2023,39,196,6,1,33,0.952682135150877,1.25910358555244,20.47755382612076,11,31,156.81165817770278,FALSE
Karlstad,2023-40,2023,40,197,6,1,35,1.84005501663553,0.952682135150877,21.323467637195677,12,32,187.04753747083402,FALSE
Karlstad,2023-41,2023,41,198,6,1,56,1.20853327713935,1.84005501663553,29.004207696581986,18,41,728.7728020892832,FALSE
Karlstad,2023-42,2023,42,199,6,1,117,3.06874627910629,1.20853327713935,33.4180866366694,22,47,6985.936241475302,FALSE
Karlstad,2023-43,2023,43,200,6,1,149,3.97423281015114,3.06874627910629,36.08178147712727,23,52,12750.524074379238,FALSE
Karlstad,2023-44,2023,44,201,6,1,201,13.5074717152204,3.97423281015114,113.70946635569318,84,150,7619.637263907861,FALSE
Karlstad,2023-45,2023,45,202,6,1,223,6.20164992126897,13.5074717152204,15476.009346816869,7377,32674,232654294.13408276,FALSE
Karlstad,2023-46,2023,46,203,6,1,231,7.26615006577346,6.20164992126897,143.23384123582198,118,170,7702.898624218901,FALSE
Karlstad,2023-47,2023,47,204,6,1,186,5.14404479546137,7.26615006577346,180.0243927575131,152,209,35.707881916461744,TRUE
Karlstad,2023-48,2023,48,205,6,1,127,4.87797171786338,5.14404479546137,177.41290554273513,150,206,2541.4610452607344,FALSE
Karlstad,2023-49,2023,49,206,6,1,217,5.93940322370335,4.87797171786338,176.1749965302471,148,205,1666.6809083053352,FALSE
Karlstad,2023-50,2023,50,207,6,1,148,6.62610380805498,5.93940322370335,194.14996440995125,165,225,2129.819215039767,FALSE
Karlstad,2023-51,2023,51,208,6,1,109,7.31280439240662,6.62610380805498,185.30538548588345,157,215,5822.511854149272,FALSE
Karlstad,2023-52,2023,52,209,6,1,83,4.3580865460135,7.31280439240662,163.20255048183571,133,196,6432.449103791406,FALSE
Karlstad,2024-01,2024,1,210,6,1,67,1.40336869962038,4.3580865460135,188.0871926791129,152,227,14662.10823090861,FALSE
Karlstad,2024-02,2024,2,211,6,1,46,1.1963437795318,1.40336869962038,189.7722196849432,134,264,20670.451153135567,FALSE
Karlstad,2024-03,2024,3,212,6,1,33,0.247414319471431,1.1963437795318,76.26373439004382,55,101,1871.7507133722606,FALSE
Karlstad,2023-36,2023,36,193,6,2,20,2.76190010116614,1.13019032330093,16.873636546847198,9,27,9.774148441209512,TRUE
Karlstad,2023-37,2023,37,194,6,2,29,3.10644323630882,1.00377849150824,15.858730938527886,7,27,172.69295254600416,FALSE
Karlstad,2023-38,2023,38,195,6,2,39,1.25910358555244,2.76190010116614,8.168697220085521,0,175,950.5692311067623,TRUE
Karlstad,2023-39,2023,39,196,6,2,33,0.952682135150877,3.10644323630882,42.54978838297107,25,67,91.19845815952927,TRUE
Karlstad,2023-40,2023,40,197,6,2,35,1.84005501663553,1.25910358555244,22.797216856477117,13,34,148.90791644784622,FALSE
Karlstad,2023-41,2023,41,198,6,2,56,1.20853327713935,0.952682135150877,24.267100369582405,14,36,1006.9769189541571,FALSE
Karlstad,2023-42,2023,42,199,6,2,117,3.06874627910629,1.84005501663553,35.286622299948455,23,49,6677.076095151282,FALSE
Karlstad,2023-43,2023,43,200,6,2,149,3.97423281015114,1.20853327713935,53.00250491708182,38,70,9215.5190621949,FALSE
Karlstad,2023-44,2023,44,201,6,2,201,13.5074717152204,3.06874627910629,44.61857344794026,30,62,24455.150570457256,FALSE
Karlstad,2023-45,2023,45,202,6,2,223,6.20164992126897,3.97423281015114,142.03989838143292,109,181,6554.538054088708,FALSE
Karlstad,2023-46,2023,46,203,6,2,231,7.26615006577346,13.5074717152204,8695.618437307912,4534,16698,71649765.28921305,FALSE
Karlstad,2023-47,2023,47,204,6,2,186,5.14404479546137,6.20164992126897,176.23639760120906,148,205,95.32793180167613,TRUE
Karlstad,2023-48,2023,48,205,6,2,127,4.87797171786338,7.26615006577346,196.99259156928545,167,228,4898.962874584809,FALSE
Karlstad,2023-49,2023,49,206,6,2,217,5.93940322370335,5.14404479546137,183.28708309185097,155,213,1136.5607664557606,FALSE
Karlstad,2023-50,2023,50,207,6,2,148,6.62610380805498,4.87797171786338,195.57045924263377,166,227,2262.948592555081,FALSE
Karlstad,2023-51,2023,51,208,6,2,109,7.31280439240662,5.93940322370335,185.69989222758224,157,215,5882.87346772273,FALSE
Karlstad,2023-52,2023,52,209,6,2,83,4.3580865460135,6.62610380805498,164.7133179217754,138,192,6677.06632578514,FALSE
Karlstad,2024-01,2024,1,210,6,2,67,1.40336869962038,7.31280439240662,110.16071235437643,86,137,1862.847090937222,FALSE
Karlstad,2024-02,2024,2,211,6,2,46,1.1963437795318,4.3580865460135,207.37860947129707,169,250,26043.05559488941,FALSE
Karlstad,2024-03,2024,3,212,6,2,33,0.247414319471431,1.40336869962038,206.16666102663754,142,289,29986.69249111439,FALSE
Käppala,2023-35,2023,35,192,5,1,149,1.92261545120717,4.53575230283259,6743.367396979913,11,4235189,43485681.366351634,TRUE
Käppala,2023-36,2023,36,193,5,1,189,2.22312963881923,1.92261545120717,113.84103391129146,91,138,5648.87018352364,FALSE
Käppala,2023-37,2023,37,194,5,1,202,1.08790965250516,2.22312963881923,132.7913375131579,108,158,4789.838963217623,FALSE
Käppala,2023-38,2023,38,195,5,1,204,1.55939036090987,1.08790965250516,146.4826000712622,120,174,3308.2512945623675,FALSE
Käppala,2023-39,2023,39,196,5,1,162,0.933637573247289,1.55939036090987,180.63950322018192,152,210,347.43108029517225,TRUE
Käppala,2023-40,2023,40,197,5,1,176,1.56308374733381,0.933637573247289,198.95648434384017,166,234,527.000173428979,TRUE
Käppala,2023-41,2023,41,198,5,1,207,1.16322126884236,1.56308374733381,186.70154777192155,158,217,412.02716285558284,TRUE
Käppala,2023-42,2023,42,199,5,1,260,1.26583299985595,1.16322126884236,187.0564893774537,157,219,5320.755741941527,FALSE
Käppala,2023-43,2023,43,200,5,1,391,2.07182357357544,1.26583299985595,201.5978347115258,171,233,35873.18021596251,FALSE
Käppala,2023-44,2023,44,201,5,1,593,4.73620145417528,2.07182357357544,205.9693784969036,162,259,149792.7019810731,FALSE
Käppala,2023-45,2023,45,202,5,1,650,9.06261339883061,4.73620145417528,5594.915724264545,3857,8143,24452191.520078752,FALSE
Käppala,2023-46,2023,46,203,5,1,634,20.639834988009,9.06261339883061,1668.9061078258237,1373,2026,1071030.6520151955,FALSE
Käppala,2023-47,2023,47,204,5,1,686,4.32531463025799,20.639834988009,1493.5656035355653,1210,1838,652162.2040137618,FALSE
Käppala,2023-48,2023,48,205,5,1,680,6.84044438198148,4.32531463025799,558.9410107316622,507,611,14655.278882671519,FALSE
Käppala,2023-49,2023,49,206,5,1,725,7.45505962108427,6.84044438198148,644.3551875088195,589,699,6503.585781737656,FALSE
Käppala,2023-50,2023,50,207,5,1,808,15.6416125514951,7.45505962108427,674.0636671838639,618,730,17938.941248234773,FALSE
Käppala,2023-51,2023,51,208,5,1,619,8.29783350543185,15.6416125514951,694.8362671756043,633,757,5751.139419129646,FALSE
Käppala,2023-52,2023,52,209,5,1,462,2.24732613620063,8.29783350543185,715.5323001298483,656,775,64278.627209131475,FALSE
Käppala,2024-01,2024,1,210,5,1,356,1.58431571261934,2.24732613620063,713.377512102709,642,786,127718.68615672195,FALSE
Käppala,2024-02,2024,2,211,5,1,236,1.12916825200682,1.58431571261934,512.1684081601733,457,569,76268.98966572406,FALSE
Käppala,2024-03,2024,3,212,5,1,178,0.3369290531042,1.12916825200682,362.228747480122,318,407,33940.23139809457,FALSE
Käppala,2023-35,2023,35,192,5,2,149,1.92261545120717,0.884747212526469,113.86202875993511,89,141,1234.677022867627,FALSE
Käppala,2023-36,2023,36,193,5,2,189,2.22312963881923,4.53575230283259,1181353.1327961183,3719,388612581,1395148708604.006,FALSE
Käppala,2023-37,2023,37,194,5,2,202,1.08790965250516,1.92261545120717,142.66272027308193,117,170,3520.912765390522,FALSE
Käppala,2023-38,2023,38,195,5,2,204,1.55939036090987,2.22312963881923,159.56497235968743,133,187,1974.471681395342,FALSE
Käppala,2023-39,2023,39,196,5,2,162,0.933637573247289,1.08790965250516,165.54990167051275,137,195,12.601801870309234,TRUE
Käppala,2023-40,2023,40,197,5,2,176,1.56308374733381,1.55939036090987,175.895249743466,147,206,0.010972616243939635,TRUE
Käppala,2023-41,2023,41,198,5,2,207,1.16322126884236,0.933637573247289,180.0622872671243,149,213,725.6403672789334,TRUE
Käppala,2023-42,2023,42,199,5,2,260,1.26583299985595,1.56308374733381,190.32611531517827,161,221,4854.450207073836,FALSE
Käppala,2023-43,2023,43,200,5,2,391,2.07182357357544,1.16322126884236,196.53092638005896,166,229,37818.220594598046,FALSE
Käppala,2023-44,2023,44,201,5,2,593,4.73620145417528,1.26583299985595,239.13703741709062,206,273,125218.99628795355,FALSE
Käppala,2023-45,2023,45,202,5,2,650,9.06261339883061,2.07182357357544,252.64453328622827,204,309,157891.36692731938,FALSE
Käppala,2023-46,2023,46,203,5,2,634,20.639834988009,4.73620145417528,3155.998837228461,2254,4431,6360478.1349817095,FALSE
Käppala,2023-47,2023,47,204,5,2,686,4.32531463025799,9.06261339883061,1022.5552809988427,836,1241,113269.45716820998,FALSE
Käppala,2023-48,2023,48,205,5,2,680,6.84044438198148,20.639834988009,1057.7711826821899,860,1298,142711.06646510048,FALSE
Käppala,2023-49,2023,49,206,5,2,725,7.45505962108427,4.32531463025799,637.5182692884932,582,693,7653.053208280587,FALSE
Käppala,2023-50,2023,50,207,5,2,808,15.6416125514951,6.84044438198148,673.9411164781442,618,731,17971.784251126504,FALSE
Käppala,2023-51,2023,51,208,5,2,619,8.29783350543185,7.45505962108427,709.3897230557503,652,767,8170.302034095242,FALSE
Käppala,2023-52,2023,52,209,5,2,462,2.24732613620063,15.6416125514951,686.0243594299441,625,749,50186.91361799677,FALSE
Käppala,2024-01,2024,1,210,5,2,356,1.58431571261934,8.29783350543185,680.641035852891,623,738,105391.80215963809,FALSE
Käppala,2024-02,2024,2,211,5,2,236,1.12916825200682,2.24732613620063,784.163733476037,707,863,300483.47869838774,FALSE
Käppala,2024-03,2024,3,212,5,2,178,0.3369290531042,1.58431571261934,445.29757018080437,393,498,71447.99102456204,FALSE
Käppala,2023-36,2023,36,193,6,1,189,2.22312963881923,1.92261545120717,113.84103391129146,91,138,5648.87018352364,FALSE
Käppala,2023-37,2023,37,194,6,1,202,1.08790965250516,2.22312963881923,132.7913375131579,108,158,4789.838963217623,FALSE
Käppala,2023-38,2023,38,195,6,1,204,1.55939036090987,1.08790965250516,128.61033134235277,104,154,5683.6021403098375,FALSE
Käppala,2023-39,2023,39,196,6,1,162,0.933637573247289,1.55939036090987,161.76629519617507,135,190,0.05461793533085134,TRUE
Käppala,2023-40,2023,40,197,6,1,176,1.56308374733381,0.933637573247289,180.42432653861607,151,211,19.57466532030247,TRUE
Käppala,2023-41,2023,41,198,6,1,207,1.16322126884236,1.56308374733381,184.88049074179403,156,214,489.2726898238594,TRUE
Käppala,2023-42,2023,42,199,6,1,260,1.26583299985595,1.16322126884236,186.80225945891436,157,218,5357.909220320092,FALSE
Käppala,2023-43,2023,43,200,6,1,391,2.07182357357544,1.26583299985595,202.9232197750306,173,234,35372.87525979144,FALSE
Käppala,2023-44,2023,44,201,6,1,593,4.73620145417528,2.07182357357544,215.99616736317483,170,270,142131.88982285527,FALSE
Käppala,2023-45,2023,45,202,6,1,650,9.06261339883061,4.73620145417528,4921.808865092201,3334,7301,18248350.979880318,FALSE
Käppala,2023-46,2023,46,203,6,1,634,20.639834988009,9.06261339883061,2003.4401346401064,1661,2409,1875366.2823631128,FALSE
Käppala,2023-47,2023,47,204,6,1,686,4.32531463025799,20.639834988009,1896.5888571027806,1549,2322,1465525.3809414166,FALSE
Käppala,2023-48,2023,48,205,6,1,680,6.84044438198148,4.32531463025799,500.15230678844665,452,548,32345.19275351701,FALSE
Käppala,2023-49,2023,49,206,6,1,725,7.45505962108427,6.84044438198148,602.0159785861699,550,655,15125.069523117416,FALSE
Käppala,2023-50,2023,50,207,6,1,808,15.6416125514951,7.45505962108427,659.8749306809333,605,715,21941.03616077832,FALSE
Käppala,2023-51,2023,51,208,6,1,619,8.29783350543185,15.6416125514951,694.0335681487201,633,756,5630.036349128618,FALSE
Käppala,2023-52,2023,52,209,6,1,462,2.24732613620063,8.29783350543185,701.0730059450542,644,758,57155.90217160392,FALSE
Käppala,2024-01,2024,1,210,6,1,356,1.58431571261934,2.24732613620063,677.252602579075,615,741,103203.23466382908,FALSE
Käppala,2024-02,2024,2,211,6,1,236,1.12916825200682,1.58431571261934,555.9160561069492,500,613,102346.28295502468,FALSE
Käppala,2024-03,2024,3,212,6,1,178,0.3369290531042,1.12916825200682,403.9672154500355,358,452,51061.18245824276,FALSE
Käppala,2023-36,2023,36,193,6,2,189,2.22312963881923,4.53575230283259,1181353.1327961183,3719,388612581,1395148708604.006,FALSE
Käppala,2023-37,2023,37,194,6,2,202,1.08790965250516,1.92261545120717,142.66272027308193,117,170,3520.912765390522,FALSE
Käppala,2023-38,2023,38,195,6,2,204,1.55939036090987,2.22312963881923,159.56497235968743,133,187,1974.471681395342,FALSE
Käppala,2023-39,2023,39,196,6,2,162,0.933637573247289,1.08790965250516,147.87336566399412,122,175,199.56179766322023,TRUE
Käppala,2023-40,2023,40,197,6,2,176,1.56308374733381,1.55939036090987,169.8352689456753,142,198,38.00390897215538,TRUE
Käppala,2023-41,2023,41,198,6,2,207,1.16322126884236,0.933637573247289,170.6665125656531,142,201,1320.1223091418435,FALSE
Käppala,2023-42,2023,42,199,6,2,260,1.26583299985595,1.56308374733381,189.26039900926835,160,219,5004.0911483279215,FALSE
Käppala,2023-43,2023,43,200,6,2,391,2.07182357357544,1.16322126884236,196.20732642878073,165,229,37944.18567702358,FALSE
Käppala,2023-44,2023,44,201,6,2,593,4.73620145417528,1.26583299985595,237.6351341944872,205,271,126284.18784897012,FALSE
Käppala,2023-45,2023,45,202,6,2,650,9.06261339883061,2.07182357357544,292.71043761567273,236,358,127655.83138878409,FALSE
Käppala,2023-46,2023,46,203,6,2,634,20.639834988009,4.73620145417528,2466.0743758480844,1724,3522,3356496.518639148,FALSE
Käppala,2023-47,2023,47,204,6,2,686,4.32531463025799,9.06261339883061,1323.1370337516344,1097,1591,405943.5997778313,FALSE
Käppala,2023-48,2023,48,205,6,2,680,6.84044438198148,20.639834988009,1353.4285313744435,1108,1651,453505.9868691399,FALSE
Käppala,2023-49,2023,49,206,6,2,725,7.45505962108427,4.32531463025799,587.6840064933857,535,639,18855.68207270854,FALSE
Käppala,2023-50,2023,50,207,6,2,808,15.6416125514951,6.84044438198148,660.7047114648676,606,715,21695.9020246479,FALSE
Käppala,2023-51,2023,51,208,6,2,619,8.29783350543185,7.45505962108427,697.1084258747702,640,754,6100.926192634472,FALSE
Käppala,2023-52,2023,52,209,6,2,462,2.24732613620063,15.6416125514951,685.0862035010271,624,747,49767.45419250166,FALSE
Käppala,2024-01,2024,1,210,6,2,356,1.58431571261934,8.29783350543185,682.9117619799393,626,740,106871.30012082851,FALSE
Käppala,2024-02,2024,2,211,6,2,236,1.12916825200682,2.24732613620063,650.3475518954131,589,713,171683.89376172202,FALSE
Käppala,2024-03,2024,3,212,6,2,178,0.3369290531042,1.58431571261934,531.749319760731,477,589,125138.58123117995,FALSE
Linköping,2023-35,2023,35,192,5,1,29,1.52107809196929,1.35334573703309,16.104085389831265,5,39,166.30461363276342,TRUE
Linköping,2023-36,2023,36,193,5,1,28,1.83338510189629,1.52107809196929,32.57122529289898,17,55,20.896100678439364,TRUE
Linköping,2023-37,2023,37,194,5,1,42,1.53106044416095,1.83338510189629,43.48827917957358,25,70,2.214974916352212,TRUE
Linköping,2023-38,2023,38,195,5,1,24,1.36866703403598,1.53106044416095,31.680457481891068,20,45,58.98942713113649,TRUE
Linköping,2023-39,2023,39,196,5,1,19,0.734042642782647,1.36866703403598,27.5706599187335,17,40,73.45621144258494,TRUE
Linköping,2023-40,2023,40,197,5,1,16,1.11052542525428,0.734042642782647,10.722861738754277,3,25,27.84818822830353,TRUE
Linköping,2023-41,2023,41,198,5,1,28,4.01745954714292,1.11052542525428,18.66297633578937,10,30,87.1800109060293,TRUE
Linköping,2023-42,2023,42,199,5,1,43,5.08358830206758,4.01745954714292,187.27083488442153,51,675,20814.07379824802,FALSE
Linköping,2023-43,2023,43,200,5,1,57,6.14971705699224,5.08358830206758,56.004782826043645,33,89,0.9904572233376745,TRUE
Linköping,2023-44,2023,44,201,5,1,105,NA,6.14971705699224,73.95564785969876,49,106,963.7517998110263,TRUE
Linköping,2023-47,2023,47,204,5,1,143,6.92971403101774,11.7714141830144,1213.8368772363763,418,3535,1146691.617649354,FALSE
Linköping,2023-48,2023,48,205,5,1,123,7.61395412014469,6.92971403101774,90.27226003071947,69,113,1071.1049634968426,FALSE
Linköping,2023-49,2023,49,206,5,1,106,7.51474554315168,7.61395412014469,119.1595782198499,95,145,173.174498924348,TRUE
Linköping,2023-50,2023,50,207,5,1,116,11.5150039474711,7.51474554315168,116.54874842239721,92,143,0.3011248310834272,TRUE
Linköping,2023-51,2023,51,208,5,1,106,2.94129580059857,11.5150039474711,139.76290258405126,110,173,1139.9335909001354,FALSE
Linköping,2023-52,2023,52,209,5,1,80,2.38419356494114,2.94129580059857,106.34760672912151,76,143,694.1963803524491,TRUE
Linköping,2024-01,2024,1,210,5,1,61,1.76235459889356,2.38419356494114,92.33926603023383,68,119,982.149595313768,FALSE
Linköping,2024-02,2024,2,211,5,1,43,1.70792535916134,1.76235459889356,72.49139275184673,53,94,869.7422464436779,FALSE
Linköping,2024-03,2024,3,212,5,1,19,0.583574746779171,1.70792535916134,61.25479000874233,44,80,1785.4672786829108,FALSE
Linköping,2023-35,2023,35,192,5,2,29,1.52107809196929,0.928269814311642,14.01370777843844,6,25,224.58895455003653,FALSE
Linköping,2023-36,2023,36,193,5,2,28,1.83338510189629,1.35334573703309,22.503875379731355,9,47,30.207385841523163,TRUE
Linköping,2023-37,2023,37,194,5,2,42,1.53106044416095,1.52107809196929,29.585860487106505,16,49,154.11085984558355,TRUE
Linköping,2023-38,2023,38,195,5,2,24,1.36866703403598,1.83338510189629,51.59740023171262,31,79,761.6164995493317,FALSE
Linköping,2023-39,2023,39,196,5,2,19,0.734042642782647,1.53106044416095,30.265594431962835,19,43,126.91361790547204,TRUE
Linköping,2023-40,2023,40,197,5,2,16,1.11052542525428,1.36866703403598,28.63321716115139,18,41,159.59817584080997,FALSE
Linköping,2023-41,2023,41,198,5,2,28,4.01745954714292,0.734042642782647,23.33038090560044,8,55,21.805342486780976,TRUE
Linköping,2023-42,2023,42,199,5,2,43,5.08358830206758,1.11052542525428,26.170620609305182,16,39,283.2280106759435,FALSE
Linköping,2023-43,2023,43,200,5,2,57,6.14971705699224,4.01745954714292,8.241574025483668,1,31,2377.3841035123887,FALSE
Linköping,2023-44,2023,44,201,5,2,105,NA,5.08358830206758,69.72765859193301,44,106,1244.1380684072374,TRUE
Linköping,2023-45,2023,45,202,5,2,127,NA,6.14971705699224,131.29400104643358,97,173,18.438444986772666,TRUE
Linköping,2023-48,2023,48,205,5,2,123,7.61395412014469,11.7714141830144,947.2076580560318,390,2319,679318.2635982087,FALSE
Linköping,2023-49,2023,49,206,5,2,106,7.51474554315168,6.92971403101774,117.10854741722441,93,143,123.39982572072321,TRUE
Linköping,2023-50,2023,50,207,5,2,116,11.5150039474711,7.61395412014469,118.1321247342357,94,144,4.5459558823396655,TRUE
Linköping,2023-51,2023,51,208,5,2,106,2.94129580059857,7.51474554315168,111.34889845749332,88,137,28.610714708574417,TRUE
Linköping,2023-52,2023,52,209,5,2,80,2.38419356494114,11.5150039474711,122.53149893353354,95,154,1808.9284015331648,FALSE
Linköping,2024-01,2024,1,210,5,2,61,1.76235459889356,2.94129580059857,115.39432141009799,82,157,2958.7422016650444,FALSE
Linköping,2024-02,2024,2,211,5,2,43,1.70792535916134,2.38419356494114,82.35503713926583,60,108,1548.8189482329929,FALSE
Linköping,2024-03,2024,3,212,5,2,19,0.583574746779171,1.76235459889356,59.73787025068792,42,80,1659.574072561884,FALSE
Linköping,2023-36,2023,36,193,6,1,28,1.83338510189629,1.52107809196929,32.57122529289898,17,55,20.896100678439364,TRUE
Linköping,2023-37,2023,37,194,6,1,42,1.53106044416095,1.83338510189629,42.59330092573174,24,70,0.352005988474139,TRUE
Linköping,2023-38,2023,38,195,6,1,24,1.36866703403598,1.53106044416095,31.55240599837166,20,45,57.03883636424025,TRUE
Linköping,2023-39,2023,39,196,6,1,19,0.734042642782647,1.36866703403598,26.30593054749352,16,38,53.376621164798976,TRUE
Linköping,2023-40,2023,40,197,6,1,16,1.11052542525428,0.734042642782647,16.64611655677943,7,30,0.417466604944505,TRUE
Linköping,2023-41,2023,41,198,6,1,28,4.01745954714292,1.11052542525428,19.725719471673976,11,31,68.46371826143519,TRUE
Linköping,2023-42,2023,42,199,6,1,43,5.08358830206758,4.01745954714292,183.71141262068053,51,653,19799.701641707412,FALSE
Linköping,2023-43,2023,43,200,6,1,57,6.14971705699224,5.08358830206758,59.016447900782566,35,92,4.066062136570418,TRUE
Linköping,2023-44,2023,44,201,6,1,105,NA,6.14971705699224,73.83621959640841,49,105,971.1812090432791,TRUE
Linköping,2023-47,2023,47,204,6,1,143,6.92971403101774,11.7714141830144,442.4620239787637,237,824,89677.50380545763,FALSE
Linköping,2023-48,2023,48,205,6,1,123,7.61395412014469,6.92971403101774,82.42354682553479,63,103,1646.4485522195682,FALSE
Linköping,2023-49,2023,49,206,6,1,106,7.51474554315168,7.61395412014469,105.38194921136078,84,129,0.3819867773375661,TRUE
Linköping,2023-50,2023,50,207,6,1,116,11.5150039474711,7.51474554315168,115.06209489616452,92,140,0.879665983800635,TRUE
Linköping,2023-51,2023,51,208,6,1,106,2.94129580059857,11.5150039474711,139.76290258405126,110,173,1139.9335909001354,FALSE
Linköping,2023-52,2023,52,209,6,1,80,2.38419356494114,2.94129580059857,106.34760672912151,76,143,694.1963803524491,TRUE
Linköping,2024-01,2024,1,210,6,1,61,1.76235459889356,2.38419356494114,88.08582205418912,66,114,733.6417563511978,FALSE
Linköping,2024-02,2024,2,211,6,1,43,1.70792535916134,1.76235459889356,76.19998614549601,56,98,1102.2390800611272,FALSE
Linköping,2024-03,2024,3,212,6,1,19,0.583574746779171,1.70792535916134,62.251266493695915,45,81,1870.672053308703,FALSE
Linköping,2023-36,2023,36,193,6,2,28,1.83338510189629,1.35334573703309,22.503875379731355,9,47,30.207385841523163,TRUE
Linköping,2023-37,2023,37,194,6,2,42,1.53106044416095,1.52107809196929,29.585860487106505,16,49,154.11085984558355,TRUE
Linköping,2023-38,2023,38,195,6,2,24,1.36866703403598,1.83338510189629,50.00502937893202,30,78,676.2615529991176,FALSE
Linköping,2023-39,2023,39,196,6,2,19,0.734042642782647,1.53106044416095,30.49912747783215,19,44,132.2299327514344,TRUE
Linköping,2023-40,2023,40,197,6,2,16,1.11052542525428,1.36866703403598,27.56050611000666,17,39,133.64530151950132,FALSE
Linköping,2023-41,2023,41,198,6,2,28,4.01745954714292,0.734042642782647,28.063640055198412,15,47,0.004050056625656981,TRUE
Linköping,2023-42,2023,42,199,6,2,43,5.08358830206758,1.11052542525428,26.561079796375328,16,39,270.23809746113943,FALSE
Linköping,2023-43,2023,43,200,6,2,57,6.14971705699224,4.01745954714292,15.350942893522367,3,50,1734.643957858635,FALSE
Linköping,2023-44,2023,44,201,6,2,105,NA,5.08358830206758,68.33550715657232,42,105,1344.2850354657596,TRUE
Linköping,2023-45,2023,45,202,6,2,127,NA,6.14971705699224,135.51486403242606,100,178,72.502909490703,TRUE
Linköping,2023-48,2023,48,205,6,2,123,7.61395412014469,11.7714141830144,470.5627340899025,283,780,120799.85412804828,FALSE
Linköping,2023-49,2023,49,206,6,2,106,7.51474554315168,6.92971403101774,102.6014444934427,81,125,11.550179531150953,TRUE
Linköping,2023-50,2023,50,207,6,2,116,11.5150039474711,7.61395412014469,115.39060146246518,92,140,0.37136657754957186,TRUE
Linköping,2023-51,2023,51,208,6,2,106,2.94129580059857,7.51474554315168,117.48710912393489,94,142,131.9536760251881,TRUE
Linköping,2023-52,2023,52,209,6,2,80,2.38419356494114,11.5150039474711,122.53149893353354,95,154,1808.9284015331648,FALSE
Linköping,2024-01,2024,1,210,6,2,61,1.76235459889356,2.94129580059857,115.39432141009799,82,157,2958.7422016650444,FALSE
Linköping,2024-02,2024,2,211,6,2,43,1.70792535916134,2.38419356494114,78.99564054856619,58,103,1295.6861385015823,FALSE
Linköping,2024-03,2024,3,212,6,2,19,0.583574746779171,1.76235459889356,62.89242893002798,45,83,1926.5453173775575,FALSE
Luleå,2023-35,2023,35,192,5,1,5,0.714388371753877,0.402184996895173,3.111092714015658,0,10,3.567970735044733,TRUE
Luleå,2023-36,2023,36,193,5,1,7,1.20543021631648,0.714388371753877,4.6324920271882535,1,10,5.605094001327186,TRUE
Luleå,2023-37,2023,37,194,5,1,15,1.92898493187678,1.20543021631648,4.191905297108101,0,23,116.81491110667994,TRUE
Luleå,2023-38,2023,38,195,5,1,11,1.12859082432615,1.92898493187678,42.79538984468557,11,155,1010.9468153755345,TRUE
Luleå,2023-39,2023,39,196,5,1,19,2.52075711206602,1.12859082432615,8.93000847476676,3,16,101.40472931826928,FALSE
Luleå,2023-40,2023,40,197,5,1,10,0.929850329692404,2.52075711206602,20.130595967177484,8,43,102.6289746501927,TRUE
Luleå,2023-41,2023,41,198,5,1,15,0.763608241503036,0.929850329692404,12.960755172101498,6,22,4.15851946811079,TRUE
Luleå,2023-42,2023,42,199,5,1,25,1.37797619932824,0.763608241503036,18.046206682836168,9,30,48.355241497832374,TRUE
Luleå,2023-43,2023,43,200,5,1,31,3.44270784902932,1.37797619932824,15.812681014449776,8,25,230.65465796885428,FALSE
Luleå,2023-44,2023,44,201,5,1,59,NA,3.44270784902932,9.33478249340213,2,24,2466.6338299776753,FALSE
Luleå,2023-47,2023,47,204,5,1,62,7.95820129277705,11.8225650369023,843.6784670378912,191,3723,611021.2258307076,FALSE
Luleå,2023-48,2023,48,205,5,1,28,6.19947950015981,7.95820129277705,55.01531791265975,39,73,729.8274019220746,FALSE
Luleå,2023-49,2023,49,206,5,1,32,4.58953928846184,6.19947950015981,49.42252479905704,34,67,303.54437037375743,FALSE
Luleå,2023-50,2023,50,207,5,1,21,14.0914158817732,4.58953928846184,21.77978751036648,11,37,0.608068561323551,TRUE
Luleå,2023-51,2023,51,208,5,1,17,1.45478173582927,14.0914158817732,82.9883142963869,53,123,4354.45762367874,FALSE
Luleå,2023-52,2023,52,209,5,1,26,1.27479280642796,1.45478173582927,25.370739848660364,13,41,0.395968338063982,TRUE
Luleå,2024-01,2024,1,210,5,1,18,1.26203982128206,1.27479280642796,28.535922358055846,17,43,111.00565993498105,TRUE
Luleå,2024-02,2024,2,211,5,1,13,1.16346246846533,1.26203982128206,24.175446397644382,14,36,124.8906021866228,FALSE
Luleå,2024-03,2024,3,212,5,1,7,0.396548453987646,1.16346246846533,19.49227565983235,10,30,156.05695116123982,FALSE
Luleå,2023-35,2023,35,192,5,2,5,0.714388371753877,0.614139002678954,4.801194080170301,1,13,0.039523793759332605,TRUE
Luleå,2023-36,2023,36,193,5,2,7,1.20543021631648,0.402184996895173,5.635374400665865,1,17,1.8622030263580482,TRUE
Luleå,2023-37,2023,37,194,5,2,15,1.92898493187678,0.714388371753877,4.840772933175796,1,10,103.20989459529353,FALSE
Luleå,2023-38,2023,38,195,5,2,11,1.12859082432615,1.20543021631648,8.014299341807636,1,32,8.914408420330316,TRUE
Luleå,2023-39,2023,39,196,5,2,19,2.52075711206602,1.92898493187678,15.71781863647765,3,59,10.77271450305343,TRUE
Luleå,2023-40,2023,40,197,5,2,10,0.929850329692404,1.12859082432615,11.819394754442307,5,20,3.3101972724921818,TRUE
Luleå,2023-41,2023,41,198,5,2,15,0.763608241503036,2.52075711206602,23.6639479012369,10,49,75.06399323534727,TRUE
Luleå,2023-42,2023,42,199,5,2,25,1.37797619932824,0.929850329692404,12.705427276352651,6,22,151.15651845705338,FALSE
Luleå,2023-43,2023,43,200,5,2,31,3.44270784902932,0.763608241503036,16.52076041476583,8,28,209.64837896661214,FALSE
Luleå,2023-44,2023,44,201,5,2,59,NA,1.37797619932824,20.067683202283288,11,30,1515.7252912377746,FALSE
Luleå,2023-45,2023,45,202,5,2,73,NA,3.44270784902932,17.631125960325765,7,37,3065.712212421312,FALSE
Luleå,2023-48,2023,48,205,5,2,28,6.19947950015981,11.8225650369023,540.5468000215793,153,1906,262704.2222123608,FALSE
Luleå,2023-49,2023,49,206,5,2,32,4.58953928846184,7.95820129277705,41.61502221909093,27,59,92.44865227361231,TRUE
Luleå,2023-50,2023,50,207,5,2,21,14.0914158817732,6.19947950015981,49.100519022270774,34,66,789.6391693210016,FALSE
Luleå,2023-51,2023,51,208,5,2,17,1.45478173582927,4.58953928846184,23.653964225456797,12,41,44.275239913658865,TRUE
Luleå,2023-52,2023,52,209,5,2,26,1.27479280642796,14.0914158817732,35.806719345540444,19,61,96.17174432219718,TRUE
Luleå,2024-01,2024,1,210,5,2,18,1.26203982128206,1.45478173582927,19.136356253114997,9,33,1.2913055339935544,TRUE
Luleå,2024-02,2024,2,211,5,2,13,1.16346246846533,1.27479280642796,18.52668922878815,9,30,30.54429383160296,TRUE
Luleå,2024-03,2024,3,212,5,2,7,0.396548453987646,1.26203982128206,15.639710468080786,8,26,74.64459697226471,FALSE
Luleå,2023-36,2023,36,193,6,1,7,1.20543021631648,0.714388371753877,4.6324920271882535,1,10,5.605094001327186,TRUE
Luleå,2023-37,2023,37,194,6,1,15,1.92898493187678,1.20543021631648,6.282657957912378,1,14,75.9920522787484,FALSE
Luleå,2023-38,2023,38,195,6,1,11,1.12859082432615,1.92898493187678,47.64917936131106,12,175,1343.1623478575489,FALSE
Luleå,2023-39,2023,39,196,6,1,19,2.52075711206602,1.12859082432615,8.305932126631312,3,15,114.3630876802163,FALSE
Luleå,2023-40,2023,40,197,6,1,10,0.929850329692404,2.52075711206602,22.212918310545206,9,47,149.15537366005037,TRUE
Luleå,2023-41,2023,41,198,6,1,15,0.763608241503036,0.929850329692404,10.545737138006158,4,18,19.84045764373757,TRUE
Luleå,2023-42,2023,42,199,6,1,25,1.37797619932824,0.763608241503036,13.751803208382052,6,23,126.5219310629643,FALSE
Luleå,2023-43,2023,43,200,6,1,31,3.44270784902932,1.37797619932824,15.462579633439875,8,25,241.4114316471974,FALSE
Luleå,2023-44,2023,44,201,6,1,59,NA,3.44270784902932,7.40207054473289,2,18,2662.346324070721,FALSE
Luleå,2023-47,2023,47,204,6,1,62,7.95820129277705,11.8225650369023,1511.6810464323346,377,6111,2101575.136385149,FALSE
Luleå,2023-48,2023,48,205,6,1,28,6.19947950015981,7.95820129277705,52.750521812186776,37,70,612.5883299755334,FALSE
Luleå,2023-49,2023,49,206,6,1,32,4.58953928846184,6.19947950015981,44.69681295775389,31,60,161.20905928418713,TRUE
Luleå,2023-50,2023,50,207,6,1,21,14.0914158817732,4.58953928846184,43.31176691548499,29,60,497.81494289093047,FALSE
Luleå,2023-51,2023,51,208,6,1,17,1.45478173582927,14.0914158817732,82.9883142963869,53,123,4354.45762367874,FALSE
Luleå,2023-52,2023,52,209,6,1,26,1.27479280642796,1.45478173582927,25.370739848660364,13,41,0.395968338063982,TRUE
Luleå,2024-01,2024,1,210,6,1,18,1.26203982128206,1.27479280642796,25.54075216578281,15,39,56.86294322575813,TRUE
Luleå,2024-02,2024,2,211,6,1,13,1.16346246846533,1.26203982128206,24.6572290409281,14,37,135.8909889126575,FALSE
Luleå,2024-03,2024,3,212,6,1,7,0.396548453987646,1.16346246846533,21.155828746062227,12,32,200.38748748784167,FALSE
Luleå,2023-36,2023,36,193,6,2,7,1.20543021631648,0.402184996895173,5.635374400665865,1,17,1.8622030263580482,TRUE
Luleå,2023-37,2023,37,194,6,2,15,1.92898493187678,0.714388371753877,4.840772933175796,1,10,103.20989459529353,FALSE
Luleå,2023-38,2023,38,195,6,2,11,1.12859082432615,1.20543021631648,4.387214150053492,1,11,43.72893669725276,TRUE
Luleå,2023-39,2023,39,196,6,2,19,2.52075711206602,1.92898493187678,16.63085421356808,3,64,5.612851757368112,TRUE
Luleå,2023-40,2023,40,197,6,2,10,0.929850329692404,1.12859082432615,10.955755922471958,5,19,0.913469383340224,TRUE
Luleå,2023-41,2023,41,198,6,2,15,0.763608241503036,2.52075711206602,26.22795538487915,11,53,126.06698212483667,TRUE
Luleå,2023-42,2023,42,199,6,2,25,1.37797619932824,0.929850329692404,11.32335842241266,5,19,187.05052484179072,FALSE
Luleå,2023-43,2023,43,200,6,2,31,3.44270784902932,0.763608241503036,15.963567211410522,8,26,226.09431100576873,FALSE
Luleå,2023-44,2023,44,201,6,2,59,NA,1.37797619932824,18.42042538399518,10,28,1646.7018760159026,FALSE
Luleå,2023-45,2023,45,202,6,2,73,NA,3.44270784902932,15.086987784648125,6,30,3353.916983855496,FALSE
Luleå,2023-48,2023,48,205,6,2,28,6.19947950015981,11.8225650369023,933.2523169927265,286,3066,819481.7574206998,FALSE
Luleå,2023-49,2023,49,206,6,2,32,4.58953928846184,7.95820129277705,40.28303594508647,26,57,68.60868446759447,TRUE
Luleå,2023-50,2023,50,207,6,2,21,14.0914158817732,6.19947950015981,44.86487510731395,31,60,569.532263887693,FALSE
Luleå,2023-51,2023,51,208,6,2,17,1.45478173582927,4.58953928846184,50.78636873907979,35,69,1141.5187125730681,FALSE
Luleå,2023-52,2023,52,209,6,2,26,1.27479280642796,14.0914158817732,35.806719345540444,19,61,96.17174432219718,TRUE
Luleå,2024-01,2024,1,210,6,2,18,1.26203982128206,1.45478173582927,19.136356253114997,9,33,1.2913055339935544,TRUE
Luleå,2024-02,2024,2,211,6,2,13,1.16346246846533,1.27479280642796,18.473923509744612,9,30,29.96383859053477,TRUE
Luleå,2024-03,2024,3,212,6,2,7,0.396548453987646,1.26203982128206,16.709059724725126,8,27,94.26584073827954,FALSE
Malmö,2023-35,2023,35,192,5,1,61,2.04548743756989,1.82876723707013,34.15834392836268,22,48,720.4745006680645,FALSE
Malmö,2023-36,2023,36,193,5,1,70,1.46688684450161,2.04548743756989,41.30195344465798,28,56,823.5778760925779,FALSE
Malmö,2023-37,2023,37,194,5,1,77,0.998569591993886,1.46688684450161,44.62825228393417,31,60,1047.9300501926134,FALSE
Malmö,2023-38,2023,38,195,5,1,49,1.44978361794306,0.998569591993886,108.23442324358882,71,158,3508.7168970006155,FALSE
Malmö,2023-39,2023,39,196,5,1,60,0.580955275537283,1.44978361794306,60.141901475592675,44,78,0.020136028775378623,TRUE
Malmö,2023-40,2023,40,197,5,1,54,0.68933606134844,0.580955275537283,49.91152306607384,31,75,16.71564363924625,TRUE
Malmö,2023-41,2023,41,198,5,1,90,0.921589561872953,0.68933606134844,53.148316435120364,37,72,1358.0465815660198,FALSE
Malmö,2023-42,2023,42,199,5,1,109,1.06643088608386,0.921589561872953,65.99427298671034,49,84,1849.4925559415917,FALSE
Malmö,2023-43,2023,43,200,5,1,133,2.02752177534096,1.06643088608386,70.39575003988534,53,90,3919.2921130685163,FALSE
Malmö,2023-44,2023,44,201,5,1,177,16.3602052244955,2.02752177534096,95.70257029188353,63,140,6609.272077146138,FALSE
Malmö,2023-45,2023,45,202,5,1,302,4.20020223011627,16.3602052244955,754475.337484351,89180,6476700,568777422972.2848,FALSE
Malmö,2023-46,2023,46,203,5,1,280,5.23433203059414,4.20020223011627,150.57628807266602,124,178,16750.497209049532,FALSE
Malmö,2023-47,2023,47,204,5,1,306,6.40925896702825,5.23433203059414,195.4350836555629,166,226,12224.600726252376,FALSE
Malmö,2023-48,2023,48,205,5,1,305,7.60739112276469,6.40925896702825,240.4331332889837,207,275,4168.880276878145,FALSE
Malmö,2023-49,2023,49,206,5,1,380,7.85003849996293,7.60739112276469,276.65577670032314,241,313,10680.028489413473,FALSE
Malmö,2023-50,2023,50,207,5,1,402,9.2597449867975,7.85003849996293,314.54810135724614,276,354,7647.834576222494,FALSE
Malmö,2023-51,2023,51,208,5,1,296,3.06600700398053,9.2597449867975,443.10391111262453,382,510,21639.56066463094,FALSE
Malmö,2023-52,2023,52,209,5,1,220,4.12051876366909,3.06600700398053,311.03765802117266,255,376,8287.855177979984,FALSE
Malmö,2024-01,2024,1,210,5,1,130,2.73660498885093,4.12051876366909,263.1315121539339,224,304,17723.999528393048,FALSE
Malmö,2024-02,2024,2,211,5,1,61,0.653436587902887,2.73660498885093,179.37957603287745,147,214,14013.724021723814,FALSE
Malmö,2024-03,2024,3,212,5,1,59,0.111509779423482,0.653436587902887,94.97837700732447,73,119,1294.443612081174,FALSE
Malmö,2023-35,2023,35,192,5,2,61,2.04548743756989,2.11158879840122,38.85752295325463,25,55,490.28928976564555,FALSE
Malmö,2023-36,2023,36,193,5,2,70,1.46688684450161,1.82876723707013,44.21415135623725,30,60,664.9099902790412,FALSE
Malmö,2023-37,2023,37,194,5,2,77,0.998569591993886,2.04548743756989,51.0634695400957,36,67,672.7036122975434,FALSE
Malmö,2023-38,2023,38,195,5,2,49,1.44978361794306,1.46688684450161,54.58743737370551,39,72,31.219456405081154,TRUE
Malmö,2023-39,2023,39,196,5,2,60,0.580955275537283,0.998569591993886,61.40129640930699,38,94,1.9636316267366545,TRUE
Malmö,2023-40,2023,40,197,5,2,54,0.68933606134844,1.44978361794306,60.285798899310166,44,79,39.51126780256889,TRUE
Malmö,2023-41,2023,41,198,5,2,90,0.921589561872953,0.580955275537283,45.021242391317685,27,68,2023.0886360205973,FALSE
Malmö,2023-42,2023,42,199,5,2,109,1.06643088608386,0.68933606134844,72.15783995616218,53,94,1357.34475669576,FALSE
Malmö,2023-43,2023,43,200,5,2,133,2.02752177534096,0.921589561872953,76.04868276097274,58,95,3243.4525352603237,FALSE
Malmö,2023-44,2023,44,201,5,2,177,16.3602052244955,1.06643088608386,79.55803378655445,61,100,9494.936779542264,FALSE
Malmö,2023-45,2023,45,202,5,2,302,4.20020223011627,2.02752177534096,85.25154617606748,57,123,46979.89223506541,FALSE
Malmö,2023-46,2023,46,203,5,2,280,5.23433203059414,16.3602052244955,16249128.509308588,2870040,93413567,264025077878459.9,FALSE
Malmö,2023-47,2023,47,204,5,2,306,6.40925896702825,4.20020223011627,195.97021677125102,166,227,12106.55319736549,FALSE
Malmö,2023-48,2023,48,205,5,2,305,7.60739112276469,5.23433203059414,239.36656749911617,206,273,4307.747461848074,FALSE
Malmö,2023-49,2023,49,206,5,2,380,7.85003849996293,6.40925896702825,275.13644298030357,239,312,10996.365590823125,FALSE
Malmö,2023-50,2023,50,207,5,2,402,9.2597449867975,7.60739112276469,312.8008941935073,275,352,7956.480476677879,FALSE
Malmö,2023-51,2023,51,208,5,2,296,3.06600700398053,7.85003849996293,334.6081859400168,295,375,1490.5920215789129,TRUE
Malmö,2023-52,2023,52,209,5,2,220,4.12051876366909,9.2597449867975,378.8755398341341,324,438,25241.437157587527,FALSE
Malmö,2024-01,2024,1,210,5,2,130,2.73660498885093,3.06600700398053,426.82819740951436,353,510,88106.97877738162,FALSE
Malmö,2024-02,2024,2,211,5,2,61,0.653436587902887,4.12051876366909,223.77635320413188,188,262,26496.141162436295,FALSE
Malmö,2024-03,2024,3,212,5,2,59,0.111509779423482,2.73660498885093,107.20587006982733,83,134,2323.805909189074,FALSE
Malmö,2023-36,2023,36,193,6,1,70,1.46688684450161,2.04548743756989,41.30195344465798,28,56,823.5778760925779,FALSE
Malmö,2023-37,2023,37,194,6,1,77,0.998569591993886,1.46688684450161,40.18702078668801,27,55,1355.1954385597408,FALSE
Malmö,2023-38,2023,38,195,6,1,49,1.44978361794306,0.998569591993886,47.98036226441667,33,65,1.039661111825502,TRUE
Malmö,2023-39,2023,39,196,6,1,60,0.580955275537283,1.44978361794306,60.01447454180361,44,78,2.0951236042439773e-4,TRUE
Malmö,2023-40,2023,40,197,6,1,54,0.68933606134844,0.580955275537283,58.47635279604348,38,85,20.03773435464627,TRUE
Malmö,2023-41,2023,41,198,6,1,90,0.921589561872953,0.68933606134844,53.46972656999261,37,72,1334.460876871104,FALSE
Malmö,2023-42,2023,42,199,6,1,109,1.06643088608386,0.921589561872953,66.03377481422869,49,84,1846.0965067144086,FALSE
Malmö,2023-43,2023,43,200,6,1,133,2.02752177534096,1.06643088608386,72.8524885934461,55,91,3617.723128401532,FALSE
Malmö,2023-44,2023,44,201,6,1,177,16.3602052244955,2.02752177534096,84.38710865865973,54,125,8577.1476426029,FALSE
Malmö,2023-45,2023,45,202,6,1,302,4.20020223011627,16.3602052244955,218703.9629730409,23201,2078544,47699417430.47753,FALSE
Malmö,2023-46,2023,46,203,6,1,280,5.23433203059414,4.20020223011627,137.22875966923257,113,163,20383.62706558575,FALSE
Malmö,2023-47,2023,47,204,6,1,306,6.40925896702825,5.23433203059414,182.6459156127864,154,212,15216.23013500781,FALSE
Malmö,2023-48,2023,48,205,6,1,305,7.60739112276469,6.40925896702825,225.0699127778942,193,258,6388.818843333443,FALSE
Malmö,2023-49,2023,49,206,6,1,380,7.85003849996293,7.60739112276469,261.0478235457528,227,296,14149.620283202361,FALSE
Malmö,2023-50,2023,50,207,6,1,402,9.2597449867975,7.85003849996293,295.41345450059197,259,333,11360.69168149738,FALSE
Malmö,2023-51,2023,51,208,6,1,296,3.06600700398053,9.2597449867975,329.5988394942147,291,369,1128.8820153580016,TRUE
Malmö,2023-52,2023,52,209,6,1,220,4.12051876366909,3.06600700398053,285.35364267629427,241,333,4271.098611060752,FALSE
Malmö,2024-01,2024,1,210,6,1,130,2.73660498885093,4.12051876366909,269.74996334934195,232,309,19530.05225614242,FALSE
Malmö,2024-02,2024,2,211,6,1,61,0.653436587902887,2.73660498885093,183.95100000495236,152,219,15116.948402217797,FALSE
Malmö,2024-03,2024,3,212,6,1,59,0.111509779423482,0.653436587902887,95.82492319011966,74,120,1356.074967958213,FALSE
Malmö,2023-36,2023,36,193,6,2,70,1.46688684450161,1.82876723707013,44.21415135623725,30,60,664.9099902790412,FALSE
Malmö,2023-37,2023,37,194,6,2,77,0.998569591993886,2.04548743756989,51.0634695400957,36,67,672.7036122975434,FALSE
Malmö,2023-38,2023,38,195,6,2,49,1.44978361794306,1.46688684450161,49.88567543004222,35,66,0.7844209673804706,TRUE
Malmö,2023-39,2023,39,196,6,2,60,0.580955275537283,0.998569591993886,48.249120514199255,33,66,138.08316868981277,TRUE
Malmö,2023-40,2023,40,197,6,2,54,0.68933606134844,1.44978361794306,60.47390144574293,44,79,41.91139992919243,TRUE
Malmö,2023-41,2023,41,198,6,2,90,0.921589561872953,0.580955275537283,48.54334110609451,31,72,1718.6545666456332,FALSE
Malmö,2023-42,2023,42,199,6,2,109,1.06643088608386,0.68933606134844,71.69289554302256,52,93,1391.8200429638262,FALSE
Malmö,2023-43,2023,43,200,6,2,133,2.02752177534096,0.921589561872953,78.97589565968869,60,99,2918.6038497728437,FALSE
Malmö,2023-44,2023,44,201,6,2,177,16.3602052244955,1.06643088608386,76.56195018210114,58,96,10087.801851222734,FALSE
Malmö,2023-45,2023,45,202,6,2,302,4.20020223011627,2.02752177534096,72.83152065807892,47,107,52518.19192388851,FALSE
Malmö,2023-46,2023,46,203,6,2,280,5.23433203059414,16.3602052244955,4652741.268060414,717244,30456864,21645395850802.316,FALSE
Malmö,2023-47,2023,47,204,6,2,306,6.40925896702825,4.20020223011627,180.8269280373831,153,210,15668.297944558466,FALSE
Malmö,2023-48,2023,48,205,6,2,305,7.60739112276469,5.23433203059414,221.2422660253603,190,253,7015.358000566514,FALSE
Malmö,2023-49,2023,49,206,6,2,380,7.85003849996293,6.40925896702825,256.2700928349448,222,291,15309.089927073173,FALSE
Malmö,2023-50,2023,50,207,6,2,402,9.2597449867975,7.60739112276469,295.8732625147147,259,333,11262.884409270655,FALSE
Malmö,2023-51,2023,51,208,6,2,296,3.06600700398053,7.85003849996293,327.6259519976165,289,366,1000.200839755542,TRUE
Malmö,2023-52,2023,52,209,6,2,220,4.12051876366909,9.2597449867975,322.65885009723985,284,361,10538.839503287561,FALSE
Malmö,2024-01,2024,1,210,6,2,130,2.73660498885093,3.06600700398053,356.13774278952565,304,412,51138.27871394166,FALSE
Malmö,2024-02,2024,2,211,6,2,61,0.653436587902887,4.12051876366909,241.69194478113877,206,279,32649.578908790103,FALSE
Malmö,2024-03,2024,3,212,6,2,59,0.111509779423482,2.73660498885093,133.87977893777773,107,163,5606.981293770461,FALSE
National,2023-35,2023,35,192,5,1,569,1.41556964763106,2.03704772658204,672.8345292296217,486,930,10781.609460337162,TRUE
National,2023-36,2023,36,193,5,1,664,1.47318506242091,1.41556964763106,401.5669644454228,358,445,68871.09815038998,FALSE
National,2023-37,2023,37,194,5,1,656,1.37296556174501,1.47318506242091,497.2662167976538,450,546,25196.41392972945,FALSE
National,2023-38,2023,38,195,5,1,676,1.32044492567813,1.37296556174501,546.2458774270184,495,597,16836.132324684335,FALSE
National,2023-39,2023,39,196,5,1,595,0.97233283556145,1.32044492567813,613.8115111748954,558,669,353.87295268321344,TRUE
National,2023-40,2023,40,197,5,1,698,0.941558558020934,0.97233283556145,694.3981452608668,619,774,12.973357561816,TRUE
National,2023-41,2023,41,198,5,1,964,1.23316415003987,0.941558558020934,688.0838667415743,614,766,76129.71259228133,FALSE
National,2023-42,2023,42,199,5,1,1286,1.97731575476461,1.23316415003987,705.3292997467107,648,763,337178.4621326453,FALSE
National,2023-43,2023,43,200,5,1,1992,3.64616381757952,1.97731575476461,654.1777962106652,554,765,1789768.2489517522,FALSE
National,2023-44,2023,44,201,5,1,2730,5.24368716240074,3.64616381757952,8021.632392907857,6954,9266,28001373.381671734,FALSE
National,2023-45,2023,45,202,5,1,3523,5.78877610895728,5.24368716240074,5397.25491129025,5041,5770,3512831.472495622,FALSE
National,2023-46,2023,46,203,5,1,3344,10.5086101348045,5.78877610895728,4306.280425851323,4114,4503,925983.6179766041,FALSE
National,2023-47,2023,47,204,5,1,3280,6.54669729759547,10.5086101348045,8847.434979658648,8246,9493,30996332.252726696,FALSE
National,2023-48,2023,48,205,5,1,2592,6.39677777841399,6.54669729759547,3094.357284912944,2972,3216,252362.84170510492,FALSE
National,2023-49,2023,49,206,5,1,3292,6.13434743811073,6.39677777841399,3094.4453342992674,2973,3215,39027.84594012821,FALSE
National,2023-50,2023,50,207,5,1,2936,13.9952931813164,6.13434743811073,3216.598568653346,3092,3340,78735.55673030645,FALSE
National,2023-51,2023,51,208,5,1,2370,4.59487540303174,13.9952931813164,3369.9461328115863,3135,3620,999892.2685248465,FALSE
National,2023-52,2023,52,209,5,1,1864,2.72006239492375,4.59487540303174,3113.3334259676603,2976,3253,1560834.0092400913,FALSE
National,2024-1,2024,1,210,5,1,1284,1.78522278741533,2.72006239492375,2661.947724133724,2532,2793,1898739.9304453095,FALSE
National,2024-2,2024,2,211,5,1,881,1.09131073253088,1.78522278741533,2050.4091084274937,1942,2161,1367517.6628731857,FALSE
National,2024-3,2024,3,212,5,1,583,0.313211577356016,1.09131073253088,1417.722113800287,1330,1504,696761.0072672191,FALSE
National,2023-35,2023,35,192,5,2,569,1.41556964763106,1.21293206804705,377.0004683938441,333,423,36863.82013698327,FALSE
National,2023-36,2023,36,193,5,2,664,1.47318506242091,2.03704772658204,419.0922592172354,313,558,59979.80149531783,FALSE
National,2023-37,2023,37,194,5,2,656,1.37296556174501,1.41556964763106,489.45564550615956,442,537,27737.02201376999,FALSE
National,2023-38,2023,38,195,5,2,676,1.32044492567813,1.47318506242091,576.4930164845695,524,629,9901.639768340165,FALSE
National,2023-39,2023,39,196,5,2,595,0.97233283556145,1.37296556174501,596.3352449530928,543,650,1.7828790847597857,TRUE
National,2023-40,2023,40,197,5,2,698,0.941558558020934,1.32044492567813,615.1431573206592,560,671,6865.2563787890385,FALSE
National,2023-41,2023,41,198,5,2,964,1.23316415003987,0.97233283556145,651.7833271399782,580,726,97479.2508117819,FALSE
National,2023-42,2023,42,199,5,2,1286,1.97731575476461,0.941558558020934,973.0655926989255,885,1065,97927.94327287482,FALSE
National,2023-43,2023,43,200,5,2,1992,3.64616381757952,1.23316415003987,797.0100409708992,736,857,1428001.0021803717,FALSE
National,2023-44,2023,44,201,5,2,2730,5.24368716240074,1.97731575476461,630.138580988059,542,729,4409417.979054843,FALSE
National,2023-45,2023,45,202,5,2,3523,5.78877610895728,3.64616381757952,10785.244571746447,9542,12191,52740196.21986073,FALSE
National,2023-46,2023,46,203,5,2,3344,10.5086101348045,5.24368716240074,6632.199792461759,6248,7033,10812257.875145555,FALSE
National,2023-47,2023,47,204,5,2,3280,6.54669729759547,5.78877610895728,4186.65326801965,4002,4376,822020.1484107106,FALSE
National,2023-48,2023,48,205,5,2,2592,6.39677777841399,10.5086101348045,5369.041465003246,5015,5749,7711959.298347376,FALSE
National,2023-49,2023,49,206,5,2,3292,6.13434743811073,6.54669729759547,3034.799654236126,2914,3155,66152.01786105627,FALSE
National,2023-50,2023,50,207,5,2,2936,13.9952931813164,6.39677777841399,3182.834865070501,3060,3306,60927.45061437249,FALSE
National,2023-51,2023,51,208,5,2,2370,4.59487540303174,6.13434743811073,3191.307673872187,3067,3315,674546.2951613427,FALSE
National,2023-52,2023,52,209,5,2,1864,2.72006239492375,13.9952931813164,2340.5309809191335,2155,2537,227081.7757757516,FALSE
National,2024-1,2024,1,210,5,2,1284,1.78522278741533,4.59487540303174,3143.2806485682754,3003,3287,3456924.530140467,FALSE
National,2024-2,2024,2,211,5,2,881,1.09131073253088,2.72006239492375,2499.7054487971222,2372,2626,2620207.329965493,FALSE
National,2024-3,2024,3,212,5,2,583,0.313211577356016,1.78522278741533,1589.1243089714628,1494,1684,1012286.1251033036,FALSE
National,2023-36,2023,36,193,6,1,664,1.47318506242091,1.41556964763106,401.5669644454228,358,445,68871.09815038998,FALSE
National,2023-37,2023,37,194,6,1,656,1.37296556174501,1.47318506242091,461.1323035771938,415,507,37973.419109130955,FALSE
National,2023-38,2023,38,195,6,1,676,1.32044492567813,1.37296556174501,498.74321290616064,451,547,31419.968570830697,FALSE
National,2023-39,2023,39,196,6,1,595,0.97233283556145,1.32044492567813,565.6775803839045,514,618,859.8042921423847,TRUE
National,2023-40,2023,40,197,6,1,698,0.941558558020934,0.97233283556145,610.3861934937233,547,676,7676.179090519287,FALSE
National,2023-41,2023,41,198,6,1,964,1.23316415003987,0.941558558020934,700.1782126306339,634,768,69601.93549076703,FALSE
National,2023-42,2023,42,199,6,1,1286,1.97731575476461,1.23316415003987,710.267067192429,653,766,331468.4099192071,FALSE
National,2023-43,2023,43,200,6,1,1992,3.64616381757952,1.97731575476461,569.9488122287087,494,652,2022229.5806417405,FALSE
National,2023-44,2023,44,201,6,1,2730,5.24368716240074,3.64616381757952,7857.524886379176,6777,9114,26291511.46043778,FALSE
National,2023-45,2023,45,202,6,1,3523,5.78877610895728,5.24368716240074,5769.2813340416515,5392,6166,5045779.831663941,FALSE
National,2023-46,2023,46,203,6,1,3344,10.5086101348045,5.78877610895728,4492.320362312925,4295,4692,1318639.6545024868,FALSE
National,2023-47,2023,47,204,6,1,3280,6.54669729759547,10.5086101348045,10533.727257340019,9871,11236,52616559.12387755,FALSE
National,2023-48,2023,48,205,6,1,2592,6.39677777841399,6.54669729759547,2984.893812914514,2866,3103,154365.54822650514,FALSE
National,2023-49,2023,49,206,6,1,3292,6.13434743811073,6.39677777841399,2985.2514100301537,2868,3102,94094.69744848889,FALSE
National,2023-50,2023,50,207,6,1,2936,13.9952931813164,6.13434743811073,3116.974367827967,2996,3237,32751.721810732277,FALSE
National,2023-51,2023,51,208,6,1,2370,4.59487540303174,13.9952931813164,3134.532452944861,2919,3359,584509.8716058858,FALSE
National,2023-52,2023,52,209,6,1,1864,2.72006239492375,4.59487540303174,3214.9653970192535,3081,3350,1825107.5039433893,FALSE
National,2024-1,2024,1,210,6,1,1284,1.78522278741533,2.72006239492375,2631.0501793851568,2501,2762,1814544.185781583,FALSE
National,2024-2,2024,2,211,6,1,881,1.09131073253088,1.78522278741533,2097.543363129046,1988,2207,1479977.7543733302,FALSE
National,2024-3,2024,3,212,6,1,583,0.313211577356016,1.09131073253088,1622.4593805248383,1530,1715,1080475.8037610804,FALSE
National,2023-36,2023,36,193,6,2,664,1.47318506242091,2.03704772658204,419.0922592172354,313,558,59979.80149531783,FALSE
National,2023-37,2023,37,194,6,2,656,1.37296556174501,1.41556964763106,489.45564550615956,442,537,27737.02201376999,FALSE
National,2023-38,2023,38,195,6,2,676,1.32044492567813,1.47318506242091,531.097013205626,482,581,20996.875581930522,FALSE
National,2023-39,2023,39,196,6,2,595,0.97233283556145,1.37296556174501,571.918960135841,521,623,532.7344012108987,TRUE
National,2023-40,2023,40,197,6,2,698,0.941558558020934,1.32044492567813,588.9113066415374,536,642,11900.34301865668,FALSE
National,2023-41,2023,41,198,6,2,964,1.23316415003987,0.97233283556145,612.4409902270706,550,677,123593.73735252264,FALSE
National,2023-42,2023,42,199,6,2,1286,1.97731575476461,0.941558558020934,831.3220577592606,760,905,206732.03116027315,FALSE
National,2023-43,2023,43,200,6,2,1992,3.64616381757952,1.23316415003987,800.7147756784937,740,861,1419160.4856867418,FALSE
National,2023-44,2023,44,201,6,2,2730,5.24368716240074,1.97731575476461,503.8988247076503,439,575,4955526.44263798,FALSE
National,2023-45,2023,45,202,6,2,3523,5.78877610895728,3.64616381757952,10419.574982121323,9155,11866,47562746.48402173,FALSE
National,2023-46,2023,46,203,6,2,3344,10.5086101348045,5.24368716240074,7164.207283539788,6753,7593,14593983.689210443,FALSE
National,2023-47,2023,47,204,6,2,3280,6.54669729759547,5.78877610895728,4418.635134076678,4228,4613,1296489.968553814,FALSE
National,2023-48,2023,48,205,6,2,2592,6.39677777841399,10.5086101348045,6906.308604887966,6482,7351,18613258.738210347,FALSE
National,2023-49,2023,49,206,6,2,3292,6.13434743811073,6.54669729759547,2967.459393519983,2849,3084,105326.60525441711,FALSE
National,2023-50,2023,50,207,6,2,2936,13.9952931813164,6.39677777841399,3090.2028781271483,2970,3211,23778.527622696158,FALSE
National,2023-51,2023,51,208,6,2,2370,4.59487540303174,6.13434743811073,3179.100012039105,3059,3300,654642.8294816798,FALSE
National,2023-52,2023,52,209,6,2,1864,2.72006239492375,13.9952931813164,2233.8463953129917,2059,2416,136786.35612601374,FALSE
National,2024-1,2024,1,210,6,2,1284,1.78522278741533,4.59487540303174,3256.0977023119763,3120,3394,3889169.3474641764,FALSE
National,2024-2,2024,2,211,6,2,881,1.09131073253088,2.72006239492375,2479.7789998905846,2356,2607,2556094.290491138,FALSE
National,2024-3,2024,3,212,6,2,583,0.313211577356016,1.78522278741533,1843.0142832486786,1742,1945,1587635.9939906811,FALSE
Stockholm,2023-35,2023,35,192,5,1,149,1.23416379608635,2.3554518298251,622.5457579170599,165,2376,224245.58484124267,FALSE
Stockholm,2023-36,2023,36,193,5,1,189,1.43341056243011,1.23416379608635,101.03207602824885,80,123,7738.35564789979,FALSE
Stockholm,2023-37,2023,37,194,5,1,202,1.26478119372782,1.43341056243011,133.26844801992934,109,159,4724.026237589155,FALSE
Stockholm,2023-38,2023,38,195,5,1,204,1.19656953435138,1.26478119372782,153.05162949320302,127,180,2595.73645729786,FALSE
Stockholm,2023-39,2023,39,196,5,1,162,0.925907123923836,1.19656953435138,178.84140489932824,150,209,283.63291898311724,TRUE
Stockholm,2023-40,2023,40,197,5,1,176,0.980774315797098,0.925907123923836,200.985348325138,167,238,624.2676309284766,TRUE
Stockholm,2023-41,2023,41,198,5,1,207,1.07425367607247,0.980774315797098,173.30705107643206,141,207,1135.214807166158,TRUE
Stockholm,2023-42,2023,42,199,5,1,260,1.79155557402525,1.07425367607247,188.2097965390585,159,219,5153.833312963378,FALSE
Stockholm,2023-43,2023,43,200,5,1,391,3.23471307535912,1.79155557402525,192.3977323369369,131,278,39442.860720910954,FALSE
Stockholm,2023-44,2023,44,201,5,1,593,4.03682880113873,3.23471307535912,1261.5078505320485,914,1741,446902.7462229796,FALSE
Stockholm,2023-45,2023,45,202,5,1,650,5.56733269912917,4.03682880113873,885.164215350355,777,1003,55302.20818134814,FALSE
Stockholm,2023-46,2023,46,203,5,1,634,13.0144422837354,5.56733269912917,1165.4230004713265,1029,1315,282410.40542994754,FALSE
Stockholm,2023-47,2023,47,204,5,1,686,6.10453591046702,13.0144422837354,2618.7662064619053,2067,3320,3735585.2088411446,FALSE
Stockholm,2023-48,2023,48,205,5,1,680,6.19148604759601,6.10453591046702,596.6162963119207,544,650,6952.842040741413,FALSE
Stockholm,2023-49,2023,49,206,5,1,725,5.97909836970614,6.19148604759601,646.7793201302978,592,702,6118.47475927843,FALSE
Stockholm,2023-50,2023,50,207,5,1,808,9.37115540768901,5.97909836970614,671.773400811476,615,728,18557.686326470768,FALSE
Stockholm,2023-51,2023,51,208,5,1,619,5.4390043380125,9.37115540768901,700.8102175632495,642,761,6692.911697746212,FALSE
Stockholm,2023-52,2023,52,209,5,1,462,2.41382578209267,5.4390043380125,733.2261694119549,670,796,73563.63497388244,FALSE
Stockholm,2024-1,2024,1,210,5,1,356,1.62858437880318,2.41382578209267,663.9588575661187,579,756,94838.65795342898,FALSE
Stockholm,2024-2,2024,2,211,5,1,236,1.02313209440251,1.62858437880318,433.8703106056882,380,490,39152.65981919152,FALSE
Stockholm,2024-3,2024,3,212,5,1,178,0.335489033502436,1.02313209440251,312.89583362420757,271,356,18196.88592916989,FALSE
Stockholm,2023-35,2023,35,192,5,2,149,1.23416379608635,0.787709010067148,92.03112742001025,71,116,3245.452443035108,FALSE
Stockholm,2023-36,2023,36,193,5,2,189,1.43341056243011,2.3554518298251,1200.1776808166342,378,3873,1022480.3021817069,FALSE
Stockholm,2023-37,2023,37,194,5,2,202,1.26478119372782,1.23416379608635,130.66711059713523,106,156,5088.381110561337,FALSE
Stockholm,2023-38,2023,38,195,5,2,204,1.19656953435138,1.43341056243011,160.59580747965632,133,189,1883.9239283430586,FALSE
Stockholm,2023-39,2023,39,196,5,2,162,0.925907123923836,1.26478119372782,174.19801190190358,146,204,148.79149435898148,TRUE
Stockholm,2023-40,2023,40,197,5,2,176,0.980774315797098,1.19656953435138,176.62863140636776,148,207,0.39517744507190705,TRUE
Stockholm,2023-41,2023,41,198,5,2,207,1.07425367607247,0.925907123923836,183.1742498212617,151,218,567.6663715796483,TRUE
Stockholm,2023-42,2023,42,199,5,2,260,1.79155557402525,0.980774315797098,194.93142975948481,161,231,4233.918833144859,FALSE
Stockholm,2023-43,2023,43,200,5,2,391,3.23471307535912,1.07425367607247,209.21938598851844,178,241,33044.191630391244,FALSE
Stockholm,2023-44,2023,44,201,5,2,593,4.03682880113873,1.79155557402525,115.45241052838209,77,167,228051.70021015292,FALSE
Stockholm,2023-45,2023,45,202,5,2,650,5.56733269912917,3.23471307535912,2610.4628115951236,2000,3407,3843414.4356474574,FALSE
Stockholm,2023-46,2023,46,203,5,2,634,13.0144422837354,4.03682880113873,953.9114343586758,844,1071,102343.32583342535,FALSE
Stockholm,2023-47,2023,47,204,5,2,686,6.10453591046702,5.56733269912917,965.3887602230529,854,1087,78058.07933897457,FALSE
Stockholm,2023-48,2023,48,205,5,2,680,6.19148604759601,13.0144422837354,1420.3780577441094,1132,1779,548159.6683889397,FALSE
Stockholm,2023-49,2023,49,206,5,2,725,5.97909836970614,6.10453591046702,651.5607512301732,596,707,5393.323259876508,FALSE
Stockholm,2023-50,2023,50,207,5,2,808,9.37115540768901,6.19148604759601,674.3064598137494,618,731,17873.96268753261,FALSE
Stockholm,2023-51,2023,51,208,5,2,619,5.4390043380125,5.97909836970614,706.885684706949,649,765,7723.89357640924,FALSE
Stockholm,2023-52,2023,52,209,5,2,462,2.41382578209267,9.37115540768901,696.8106044653701,638,756,55136.01996939251,FALSE
Stockholm,2024-1,2024,1,210,5,2,356,1.62858437880318,5.4390043380125,693.5997635107362,632,755,113973.60032250504,FALSE
Stockholm,2024-2,2024,2,211,5,2,236,1.02313209440251,2.41382578209267,719.622873515305,624,822,233891.08378720065,FALSE
Stockholm,2024-3,2024,3,212,5,2,178,0.335489033502436,1.62858437880318,350.0458962879229,302,400,29599.790429514727,FALSE
Stockholm,2023-36,2023,36,193,6,1,189,1.43341056243011,1.23416379608635,101.03207602824885,80,123,7738.35564789979,FALSE
Stockholm,2023-37,2023,37,194,6,1,202,1.26478119372782,1.43341056243011,124.31241449083902,101,149,6035.360942243199,FALSE
Stockholm,2023-38,2023,38,195,6,1,204,1.19656953435138,1.26478119372782,139.80588003866066,115,165,4120.885037610826,FALSE
Stockholm,2023-39,2023,39,196,6,1,162,0.925907123923836,1.19656953435138,160.8968490256983,134,189,1.2169420721028175,TRUE
Stockholm,2023-40,2023,40,197,6,1,176,0.980774315797098,0.925907123923836,177.11581906012697,148,208,1.245052174942627,TRUE
Stockholm,2023-41,2023,41,198,6,1,207,1.07425367607247,0.980774315797098,190.32295370909776,160,222,278.12387298889615,TRUE
Stockholm,2023-42,2023,42,199,6,1,260,1.79155557402525,1.07425367607247,187.8355495628958,159,218,5207.707906889267,FALSE
Stockholm,2023-43,2023,43,200,6,1,391,3.23471307535912,1.79155557402525,198.09905092098623,151,255,37210.776155584266,FALSE
Stockholm,2023-44,2023,44,201,6,1,593,4.03682880113873,3.23471307535912,1238.5386782343426,896,1713,416720.18509654206,FALSE
Stockholm,2023-45,2023,45,202,6,1,650,5.56733269912917,4.03682880113873,910.1208863598142,800,1031,67662.87552061539,FALSE
Stockholm,2023-46,2023,46,203,6,1,634,13.0144422837354,5.56733269912917,1244.33342539817,1104,1398,372506.89015826356,FALSE
Stockholm,2023-47,2023,47,204,6,1,686,6.10453591046702,13.0144422837354,3572.5349903552874,2878,4429,8332084.250545399,FALSE
Stockholm,2023-48,2023,48,205,6,1,680,6.19148604759601,6.10453591046702,559.1141904887538,508,610,14613.378941189298,FALSE
Stockholm,2023-49,2023,49,206,6,1,725,5.97909836970614,6.19148604759601,612.1375673545622,560,665,12737.928702645988,FALSE
Stockholm,2023-50,2023,50,207,6,1,808,9.37115540768901,5.97909836970614,658.4657016941788,604,713,22360.506369814306,FALSE
Stockholm,2023-51,2023,51,208,6,1,619,5.4390043380125,9.37115540768901,699.3792488913117,640,759,6460.823652331434,FALSE
Stockholm,2023-52,2023,52,209,6,1,462,2.41382578209267,5.4390043380125,705.734372279106,647,765,59406.44423028982,FALSE
Stockholm,2024-1,2024,1,210,6,1,356,1.62858437880318,2.41382578209267,647.6251895061462,582,716,85045.25115449567,FALSE
Stockholm,2024-2,2024,2,211,6,1,236,1.02313209440251,1.62858437880318,445.2352778432539,392,501,43779.40149414367,FALSE
Stockholm,2024-3,2024,3,212,6,1,178,0.335489033502436,1.02313209440251,327.45046793933545,285,372,22335.442367286334,FALSE
Stockholm,2023-36,2023,36,193,6,2,189,1.43341056243011,2.3554518298251,1200.1776808166342,378,3873,1022480.3021817069,FALSE
Stockholm,2023-37,2023,37,194,6,2,202,1.26478119372782,1.23416379608635,130.66711059713523,106,156,5088.381110561337,FALSE
Stockholm,2023-38,2023,38,195,6,2,204,1.19656953435138,1.43341056243011,152.89124177893254,127,180,2612.105166899531,FALSE
Stockholm,2023-39,2023,39,196,6,2,162,0.925907123923836,1.26478119372782,161.10560225164645,135,188,0.7999473322599088,TRUE
Stockholm,2023-40,2023,40,197,6,2,176,0.980774315797098,1.19656953435138,170.31712578926158,143,199,32.2950592950758,TRUE
Stockholm,2023-41,2023,41,198,6,2,207,1.07425367607247,0.925907123923836,171.3303792596679,143,202,1272.3218437591304,FALSE
Stockholm,2023-42,2023,42,199,6,2,260,1.79155557402525,0.980774315797098,191.34635204611686,161,223,4713.323377375722,FALSE
Stockholm,2023-43,2023,43,200,6,2,391,3.23471307535912,1.07425367607247,210.2731511982241,179,243,32662.19387781997,FALSE
Stockholm,2023-44,2023,44,201,6,2,593,4.03682880113873,1.79155557402525,145.10827570225823,109,188,200606.99669440434,FALSE
Stockholm,2023-45,2023,45,202,6,2,650,5.56733269912917,3.23471307535912,2557.382812929981,1939,3367,3638109.1950606867,FALSE
Stockholm,2023-46,2023,46,203,6,2,634,13.0144422837354,4.03682880113873,990.7036047275388,878,1113,127237.46162562027,FALSE
Stockholm,2023-47,2023,47,204,6,2,686,6.10453591046702,5.56733269912917,1076.781260475105,957,1208,152709.99353851186,FALSE
Stockholm,2023-48,2023,48,205,6,2,680,6.19148604759601,13.0144422837354,2143.1709715546967,1742,2635,2140869.292000315,FALSE
Stockholm,2023-49,2023,49,206,6,2,725,5.97909836970614,6.10453591046702,621.9247334950584,568,676,10624.51056506474,FALSE
Stockholm,2023-50,2023,50,207,6,2,808,9.37115540768901,6.19148604759601,664.5143561189261,610,719,20588.129999966357,FALSE
Stockholm,2023-51,2023,51,208,6,2,619,5.4390043380125,5.97909836970614,696.0965035258082,640,753,5943.870855904956,FALSE
Stockholm,2023-52,2023,52,209,6,2,462,2.41382578209267,9.37115540768901,695.0695540312664,636,754,54321.41701633342,FALSE
Stockholm,2024-1,2024,1,210,6,2,356,1.62858437880318,5.4390043380125,691.9436326334353,632,752,112858.12430694854,FALSE
Stockholm,2024-2,2024,2,211,6,2,236,1.02313209440251,2.41382578209267,584.8145324325017,522,649,121671.57803610475,FALSE
Stockholm,2024-3,2024,3,212,6,2,178,0.335489033502436,1.62858437880318,380.8097359167507,331,434,41131.78898262216,FALSE
Umeå,2023-35,2023,35,192,5,1,2,0.513078886906409,0.827558129406244,9.745331033462332,4,17,59.99015281791467,FALSE
Umeå,2023-36,2023,36,193,5,1,9,1.05611535525554,0.513078886906409,7.871211423185748,2,19,1.2741636511463437,TRUE
Umeå,2023-37,2023,37,194,5,1,4,1.31558980687879,1.05611535525554,7.570272210983786,2,16,12.746843660523053,TRUE
Umeå,2023-38,2023,38,195,5,1,12,1.23882381738374,1.31558980687879,5.943510695417938,1,16,36.681062696516904,TRUE
Umeå,2023-39,2023,39,196,5,1,18,1.0611120374107,1.23882381738374,7.847674813525876,2,16,103.06970669191686,FALSE
Umeå,2023-40,2023,40,197,5,1,18,1.5529924060172,1.0611120374107,9.26004006381034,3,17,76.38689968620037,FALSE
Umeå,2023-41,2023,41,198,5,1,28,1.50174444304956,1.5529924060172,16.690695950566955,7,32,127.90035808252267,TRUE
Umeå,2023-42,2023,42,199,5,1,34,2.60103096743307,1.50174444304956,24.139025227962875,13,38,97.23882345475262,TRUE
Umeå,2023-43,2023,43,200,5,1,88,9.80830006848368,2.60103096743307,138.24574966431302,35,542,2524.6353593288122,TRUE
Umeå,2023-44,2023,44,201,5,1,108,7.57207400022158,9.80830006848368,161149.6489673051,26672,987495,25934412702.108723,FALSE
Umeå,2023-45,2023,45,202,5,1,159,8.51445419443796,7.57207400022158,85.92933680372788,65,109,5339.321819943038,FALSE
Umeå,2023-46,2023,46,203,5,1,157,16.4260934691621,8.51445419443796,124.6728651870909,99,152,1045.043645211999,FALSE
Umeå,2023-47,2023,47,204,5,1,101,6.91395387742063,16.4260934691621,322.6504185689754,238,432,49128.90805180199,FALSE
Umeå,2023-48,2023,48,205,5,1,47,4.46194750439308,6.91395387742063,123.00534027305135,100,148,5776.811750022321,FALSE
Umeå,2023-49,2023,49,206,5,1,82,4.43236776485923,4.46194750439308,118.95590431948423,93,148,1365.7388640708734,FALSE
Umeå,2023-50,2023,50,207,5,1,68,4.65786611115615,4.43236776485923,104.15022020499592,81,129,1306.838420869695,FALSE
Umeå,2023-51,2023,51,208,5,1,46,1.37149576430809,4.65786611115615,81.36642784011848,62,103,1250.7842181703072,FALSE
Umeå,2023-52,2023,52,209,5,1,29,1.44602680668044,1.37149576430809,53.21387267050047,37,71,586.3116297032096,FALSE
Umeå,2024-01,2024,1,210,5,1,21,0.759221899922777,1.44602680668044,43.92160948149585,28,63,525.4001812222004,FALSE
Umeå,2024-02,2024,2,211,5,1,20,0.518894251374671,0.759221899922777,21.24991410204372,11,34,1.5622852624877626,TRUE
Umeå,2024-03,2024,3,212,5,1,10,0.174582036316591,0.518894251374671,19.725289077132174,10,31,94.58124763378638,TRUE
Umeå,2023-35,2023,35,192,5,2,2,0.513078886906409,0.770823962213945,10.396357127131026,4,19,70.49881300632397,FALSE
Umeå,2023-36,2023,36,193,5,2,9,1.05611535525554,0.827558129406244,7.723135819421544,2,15,1.6303821356442918,TRUE
Umeå,2023-37,2023,37,194,5,2,4,1.31558980687879,0.513078886906409,10.107031502912049,3,23,37.2958337775602,TRUE
Umeå,2023-38,2023,38,195,5,2,12,1.23882381738374,1.05611535525554,6.373019854215657,1,15,31.66290556105119,TRUE
Umeå,2023-39,2023,39,196,5,2,18,1.0611120374107,1.31558980687879,13.76334965873206,4,34,17.949206114165747,TRUE
Umeå,2023-40,2023,40,197,5,2,18,1.5529924060172,1.23882381738374,15.805049191615119,7,27,4.817809051229443,TRUE
Umeå,2023-41,2023,41,198,5,2,28,1.50174444304956,1.0611120374107,12.264081946573075,6,21,247.61911698416742,FALSE
Umeå,2023-42,2023,42,199,5,2,34,2.60103096743307,1.5529924060172,32.18941243983902,17,56,3.2782273130096993,TRUE
Umeå,2023-43,2023,43,200,5,2,88,9.80830006848368,1.50174444304956,28.471890494230532,16,43,3543.595821330881,FALSE
Umeå,2023-44,2023,44,201,5,2,108,7.57207400022158,2.60103096743307,609.8578874152338,209,1799,251861.33916088147,FALSE
Umeå,2023-45,2023,45,202,5,2,159,8.51445419443796,9.80830006848368,42990.83152073679,9625,194882,1834565791.4207819,FALSE
Umeå,2023-46,2023,46,203,5,2,157,16.4260934691621,7.57207400022158,126.71788245741351,101,154,917.0066428630245,FALSE
Umeå,2023-47,2023,47,204,5,2,101,6.91395387742063,8.51445419443796,153.24114284554958,125,183,2729.1370058091156,FALSE
Umeå,2023-48,2023,48,205,5,2,47,4.46194750439308,16.4260934691621,209.22815957940674,154,278,26317.975760521458,FALSE
Umeå,2023-49,2023,49,206,5,2,82,4.43236776485923,6.91395387742063,122.9524684420568,99,148,1677.104671497658,FALSE
Umeå,2023-50,2023,50,207,5,2,68,4.65786611115615,4.46194750439308,162.32297534063682,128,201,8896.82367711038,FALSE
Umeå,2023-51,2023,51,208,5,2,46,1.37149576430809,4.43236776485923,108.9036128761897,85,135,3956.8645128775383,FALSE
Umeå,2023-52,2023,52,209,5,2,29,1.44602680668044,4.65786611115615,72.35165284472752,54,92,1879.3658043697721,FALSE
Umeå,2024-01,2024,1,210,5,2,21,0.759221899922777,1.37149576430809,55.86952352797164,39,75,1215.8836710677676,FALSE
Umeå,2024-02,2024,2,211,5,2,20,0.518894251374671,1.44602680668044,22.92607985648133,12,36,8.561943326505801,TRUE
Umeå,2024-03,2024,3,212,5,2,10,0.174582036316591,0.759221899922777,17.87967804990507,9,30,62.08932617015577,TRUE
Umeå,2023-36,2023,36,193,6,1,9,1.05611535525554,0.513078886906409,7.871211423185748,2,19,1.2741636511463437,TRUE
Umeå,2023-37,2023,37,194,6,1,4,1.31558980687879,1.05611535525554,8.183979747481075,2,17,17.5056865273318,TRUE
Umeå,2023-38,2023,38,195,6,1,12,1.23882381738374,1.31558980687879,5.1691376347805464,1,14,46.66068065257151,TRUE
Umeå,2023-39,2023,39,196,6,1,18,1.0611120374107,1.23882381738374,8.958228607433782,3,17,81.75362991542885,FALSE
Umeå,2023-40,2023,40,197,6,1,18,1.5529924060172,1.0611120374107,9.161416467199206,3,16,78.12055886629736,FALSE
Umeå,2023-41,2023,41,198,6,1,28,1.50174444304956,1.5529924060172,18.76345161152311,8,36,85.31382613267505,TRUE
Umeå,2023-42,2023,42,199,6,1,34,2.60103096743307,1.50174444304956,21.924590817468296,12,34,145.815506925571,TRUE
Umeå,2023-43,2023,43,200,6,1,88,9.80830006848368,2.60103096743307,312.00926617971925,89,1089,50180.15133437631,FALSE
Umeå,2023-44,2023,44,201,6,1,108,7.57207400022158,9.80830006848368,294928.0892618607,51215,1725090,86918885032.3715,FALSE
Umeå,2023-45,2023,45,202,6,1,159,8.51445419443796,7.57207400022158,83.8222151217255,64,106,5651.699339204117,FALSE
Umeå,2023-46,2023,46,203,6,1,157,16.4260934691621,8.51445419443796,124.36301544521596,99,151,1065.1727608292117,FALSE
Umeå,2023-47,2023,47,204,6,1,101,6.91395387742063,16.4260934691621,403.2975789746308,304,532,91383.82625392317,FALSE
Umeå,2023-48,2023,48,205,6,1,47,4.46194750439308,6.91395387742063,103.5413327465138,83,126,3196.922308751994,FALSE
Umeå,2023-49,2023,49,206,6,1,82,4.43236776485923,4.46194750439308,105.53763328930043,83,130,554.0201808615838,FALSE
Umeå,2023-50,2023,50,207,6,1,68,4.65786611115615,4.43236776485923,103.86864397181606,81,128,1286.5596203768962,FALSE
Umeå,2023-51,2023,51,208,6,1,46,1.37149576430809,4.65786611115615,94.11057636666739,73,116,2314.6275583329348,FALSE
Umeå,2023-52,2023,52,209,6,1,29,1.44602680668044,1.37149576430809,63.75485647647848,46,83,1207.900048700618,FALSE
Umeå,2024-01,2024,1,210,6,1,21,0.759221899922777,1.44602680668044,46.18921255952771,32,62,634.4964293690686,FALSE
Umeå,2024-02,2024,2,211,6,1,20,0.518894251374671,0.759221899922777,31.75183317168558,19,47,138.10558289512954,TRUE
Umeå,2024-03,2024,3,212,6,1,10,0.174582036316591,0.518894251374671,19.321021578901302,10,31,86.88144327434372,TRUE
Umeå,2023-36,2023,36,193,6,2,9,1.05611535525554,0.827558129406244,7.723135819421544,2,15,1.6303821356442918,TRUE
Umeå,2023-37,2023,37,194,6,2,4,1.31558980687879,0.513078886906409,10.107031502912049,3,23,37.2958337775602,TRUE
Umeå,2023-38,2023,38,195,6,2,12,1.23882381738374,1.05611535525554,8.000855909612332,2,17,15.993153455682611,TRUE
Umeå,2023-39,2023,39,196,6,2,18,1.0611120374107,1.31558980687879,10.497566760573806,3,25,56.28650451204702,TRUE
Umeå,2023-40,2023,40,197,6,2,18,1.5529924060172,1.23882381738374,14.299271026190894,7,24,13.6953949375902,TRUE
Umeå,2023-41,2023,41,198,6,2,28,1.50174444304956,1.0611120374107,11.149390164537342,5,19,283.94305182699077,FALSE
Umeå,2023-42,2023,42,199,6,2,34,2.60103096743307,1.5529924060172,33.15410255365829,17,57,0.715542489727425,TRUE
Umeå,2023-43,2023,43,200,6,2,88,9.80830006848368,1.50174444304956,30.808686987425524,19,45,3270.8462841022706,FALSE
Umeå,2023-44,2023,44,201,6,2,108,7.57207400022158,2.60103096743307,854.2412511119096,330,2232,556876.0048610681,FALSE
Umeå,2023-45,2023,45,202,6,2,159,8.51445419443796,9.80830006848368,84983.91151421833,19547,375027,7195265613.394969,FALSE
Umeå,2023-46,2023,46,203,6,2,157,16.4260934691621,7.57207400022158,122.57375041386905,97,150,1185.1666605665814,FALSE
Umeå,2023-47,2023,47,204,6,2,101,6.91395387742063,8.51445419443796,153.21626258250586,125,183,2726.538078085202,FALSE
Umeå,2023-48,2023,48,205,6,2,47,4.46194750439308,16.4260934691621,276.703328401317,209,361,52763.61907864328,FALSE
Umeå,2023-49,2023,49,206,6,2,82,4.43236776485923,6.91395387742063,111.29056279527707,89,134,857.9370688640693,FALSE
Umeå,2023-50,2023,50,207,6,2,68,4.65786611115615,4.46194750439308,126.96271544697329,102,153,3476.6018128807427,FALSE
Umeå,2023-51,2023,51,208,6,2,46,1.37149576430809,4.43236776485923,116.73701136574584,92,144,5003.724776957657,FALSE
Umeå,2023-52,2023,52,209,6,2,29,1.44602680668044,4.65786611115615,88.50852915785424,68,110,3541.2650425311886,FALSE
Umeå,2024-01,2024,1,210,6,2,21,0.759221899922777,1.37149576430809,61.11409687510793,43,82,1609.140768105544,FALSE
Umeå,2024-02,2024,2,211,6,2,20,0.518894251374671,1.44602680668044,44.052947849471444,30,60,578.5443002493929,FALSE
Umeå,2024-03,2024,3,212,6,2,10,0.174582036316591,0.759221899922777,18.49667795934577,10,30,72.19353634483221,TRUE
Uppsala,2023-35,2023,35,192,5,1,22,2.33745702081321,1.42874769973484,18.818295004907277,10,29,10.123246675797983,TRUE
Uppsala,2023-36,2023,36,193,5,1,38,2.63706599858745,2.33745702081321,29.487483995345634,15,50,72.46292872949672,TRUE
Uppsala,2023-37,2023,37,194,5,1,31,2.02911890712478,2.63706599858745,41.80375373672676,24,67,116.72109480383747,TRUE
Uppsala,2023-38,2023,38,195,5,1,38,2.01682109130473,2.02911890712478,26.24572415083489,16,38,138.1630007382662,TRUE
Uppsala,2023-39,2023,39,196,5,1,16,1.17512734837687,2.01682109130473,28.239650138753156,18,41,149.80903551908014,FALSE
Uppsala,2023-40,2023,40,197,5,1,22,1.03128171932562,1.17512734837687,20.50558883123145,10,36,2.2332647413401854,TRUE
Uppsala,2023-41,2023,41,198,5,1,33,1.04072173487765,1.03128171932562,21.000293481280558,10,36,143.99295653539787,TRUE
Uppsala,2023-42,2023,42,199,5,1,32,1.13542188369278,1.04072173487765,27.132322098027043,16,41,23.69428815735585,TRUE
Uppsala,2023-43,2023,43,200,5,1,77,4.01392828410928,1.13542188369278,29.124228511986928,18,42,2292.0894955724452,FALSE
Uppsala,2023-44,2023,44,201,5,1,91,4.48823443417992,4.01392828410928,2.8884340626439697,0,14,7763.64805193304,FALSE
Uppsala,2023-45,2023,45,202,5,1,137,5.05401691614631,4.48823443417992,103.96476955971086,75,139,1091.3264502430063,TRUE
Uppsala,2023-46,2023,46,203,5,1,130,5.27829003816764,5.05401691614631,145.18564917761108,113,181,230.60394094548016,TRUE
Uppsala,2023-47,2023,47,204,5,1,121,6.17227906073584,5.27829003816764,142.51701058110837,114,174,462.9817443475294,TRUE
Uppsala,2023-48,2023,48,205,5,1,62,6.02347356145793,6.17227906073584,144.89207238246536,115,179,6871.095663859876,FALSE
Uppsala,2023-49,2023,49,206,5,1,122,4.41242816377111,6.02347356145793,90.7189215406106,68,116,978.5058695824758,FALSE
Uppsala,2023-50,2023,50,207,5,1,109,12.8232442516884,4.41242816377111,148.66176386327174,118,183,1573.0555127459284,FALSE
Uppsala,2023-51,2023,51,208,5,1,79,3.3752121210157,12.8232442516884,32.67386548524897,11,89,2146.110739078807,TRUE
Uppsala,2023-52,2023,52,209,5,1,70,1.9436776939407,3.3752121210157,113.74042663924813,89,141,1913.2249225834473,FALSE
Uppsala,2024-01,2024,1,210,5,1,38,2.09577578219366,1.9436776939407,92.98881246181583,70,119,3023.7694959607516,FALSE
Uppsala,2024-02,2024,2,211,5,1,29,1.25148782475111,2.09577578219366,76.38728530178044,57,97,2245.5548082723362,FALSE
Uppsala,2024-03,2024,3,212,5,1,24,0.31832443828956,1.25148782475111,54.30674880123323,38,71,918.4990229010521,FALSE
Uppsala,2023-35,2023,35,192,5,2,22,2.33745702081321,1.73278893704231,14.94581518700826,7,26,49.761523375843325,TRUE
Uppsala,2023-36,2023,36,193,5,2,38,2.63706599858745,1.42874769973484,18.368540600656704,10,29,385.3941981480642,FALSE
Uppsala,2023-37,2023,37,194,5,2,31,2.02911890712478,2.33745702081321,18.462375466745236,9,32,157.19202893687174,TRUE
Uppsala,2023-38,2023,38,195,5,2,38,2.01682109130473,2.63706599858745,31.602721524870443,17,51,40.92517188835595,TRUE
Uppsala,2023-39,2023,39,196,5,2,16,1.17512734837687,2.02911890712478,29.63803679580863,19,42,185.99604764383014,FALSE
Uppsala,2023-40,2023,40,197,5,2,22,1.03128171932562,2.01682109130473,28.92230098431827,18,41,47.91825091749368,TRUE
Uppsala,2023-41,2023,41,198,5,2,33,1.04072173487765,1.17512734837687,28.134597865877588,15,46,23.672137926722925,TRUE
Uppsala,2023-42,2023,42,199,5,2,32,1.13542188369278,1.03128171932562,25.672083867758225,14,42,40.042522576685705,TRUE
Uppsala,2023-43,2023,43,200,5,2,77,4.01392828410928,1.04072173487765,28.973199040266426,17,43,2306.5736104258663,FALSE
Uppsala,2023-44,2023,44,201,5,2,91,4.48823443417992,1.13542188369278,45.160317025656184,31,61,2101.2765351883463,FALSE
Uppsala,2023-45,2023,45,202,5,2,137,5.05401691614631,4.01392828410928,3.0644098702282028,0,13,17938.74230341023,FALSE
Uppsala,2023-46,2023,46,203,5,2,130,5.27829003816764,4.48823443417992,157.28478977800089,121,200,744.4597532297016,TRUE
Uppsala,2023-47,2023,47,204,5,2,121,6.17227906073584,5.05401691614631,158.1106090047033,125,195,1377.1973006999651,FALSE
Uppsala,2023-48,2023,48,205,5,2,62,6.02347356145793,5.27829003816764,139.22805979470743,111,169,5964.1732196549065,FALSE
Uppsala,2023-49,2023,49,206,5,2,122,4.41242816377111,6.17227906073584,111.12392745437143,86,139,118.28895401777561,TRUE
Uppsala,2023-50,2023,50,207,5,2,109,12.8232442516884,6.02347356145793,101.11646901177922,78,128,62.150060842237366,TRUE
Uppsala,2023-51,2023,51,208,5,2,79,3.3752121210157,4.41242816377111,112.66386034259924,86,141,1133.2554931660256,FALSE
Uppsala,2023-52,2023,52,209,5,2,70,1.9436776939407,12.8232442516884,431.3076725776884,153,1214,130543.23426350608,FALSE
Uppsala,2024-01,2024,1,210,5,2,38,2.09577578219366,3.3752121210157,95.52647546626393,73,121,3309.2953795706662,FALSE
Uppsala,2024-02,2024,2,211,5,2,29,1.25148782475111,1.9436776939407,80.179154564880207,59,103,2619.3058619758986,FALSE
Uppsala,2024-03,2024,3,212,5,2,24,0.31832443828956,2.09577578219366,54.354131364030195,38,72,921.3732908648016,FALSE
Uppsala,2023-36,2023,36,193,6,1,38,2.63706599858745,2.33745702081321,29.487483995345634,15,50,72.46292872949672,TRUE
Uppsala,2023-37,2023,37,194,6,1,31,2.02911890712478,2.63706599858745,42.04297809674001,25,65,121.94736524507957,TRUE
Uppsala,2023-38,2023,38,195,6,1,38,2.01682109130473,2.02911890712478,26.203778820019433,16,38,139.1508341270221,TRUE
Uppsala,2023-39,2023,39,196,6,1,16,1.17512734837687,2.01682109130473,28.081886523043732,18,40,145.97198195570576,FALSE
Uppsala,2023-40,2023,40,197,6,1,22,1.03128171932562,1.17512734837687,17.15606146732005,8,30,23.463740508381584,TRUE
Uppsala,2023-41,2023,41,198,6,1,33,1.04072173487765,1.03128171932562,20.263426171512442,10,33,162.2203128885142,TRUE
Uppsala,2023-42,2023,42,199,6,1,32,1.13542188369278,1.04072173487765,26.948384999131125,16,41,25.51881411700344,TRUE
Uppsala,2023-43,2023,43,200,6,1,77,4.01392828410928,1.13542188369278,28.748387390927782,18,41,2328.218119375977,FALSE
Uppsala,2023-44,2023,44,201,6,1,91,4.48823443417992,4.01392828410928,12.184754812550885,3,32,6211.842873957719,FALSE
Uppsala,2023-45,2023,45,202,6,1,137,5.05401691614631,4.48823443417992,93.4224266326155,66,127,1899.004900589779,FALSE
Uppsala,2023-46,2023,46,203,6,1,130,5.27829003816764,5.05401691614631,149.75831392359154,117,187,390.3909691031915,TRUE
Uppsala,2023-47,2023,47,204,6,1,121,6.17227906073584,5.27829003816764,146.1009403839202,117,178,630.0572081571162,TRUE
Uppsala,2023-48,2023,48,205,6,1,62,6.02347356145793,6.17227906073584,162.73127901831091,130,199,10146.790572664804,FALSE
Uppsala,2023-49,2023,49,206,6,1,122,4.41242816377111,6.02347356145793,109.06593922677177,86,134,167.28992808556112,TRUE
Uppsala,2023-50,2023,50,207,6,1,109,12.8232442516884,4.41242816377111,118.0242148604198,94,143,81.43645384702161,TRUE
Uppsala,2023-51,2023,51,208,6,1,79,3.3752121210157,12.8232442516884,27.158019412018163,9,67,2687.5909512846856,FALSE
Uppsala,2023-52,2023,52,209,6,1,70,1.9436776939407,3.3752121210157,120.9637189143233,96,148,2597.3006455781538,FALSE
Uppsala,2024-01,2024,1,210,6,1,38,2.09577578219366,1.9436776939407,101.11428574798211,78,127,3983.4130654779374,FALSE
Uppsala,2024-02,2024,2,211,6,1,29,1.25148782475111,2.09577578219366,73.10054576418455,55,94,1944.8581366989354,FALSE
Uppsala,2024-03,2024,3,212,6,1,24,0.31832443828956,1.25148782475111,61.43121191772444,44,80,1401.095625629596,FALSE
Uppsala,2023-36,2023,36,193,6,2,38,2.63706599858745,1.42874769973484,18.368540600656704,10,29,385.3941981480642,FALSE
Uppsala,2023-37,2023,37,194,6,2,31,2.02911890712478,2.33745702081321,18.462375466745236,9,32,157.19202893687174,TRUE
Uppsala,2023-38,2023,38,195,6,2,38,2.01682109130473,2.63706599858745,25.434405549091057,14,42,157.89416390471362,TRUE
Uppsala,2023-39,2023,39,196,6,2,16,1.17512734837687,2.02911890712478,29.67878413257615,19,42,187.1091353456171,FALSE
Uppsala,2023-40,2023,40,197,6,2,22,1.03128171932562,2.01682109130473,27.217659271170554,17,39,27.223968270032035,TRUE
Uppsala,2023-41,2023,41,198,6,2,33,1.04072173487765,1.17512734837687,25.261008149714833,13,41,59.89199485878024,TRUE
Uppsala,2023-42,2023,42,199,6,2,32,1.13542188369278,1.03128171932562,31.057343507922344,18,47,0.8886012620561525,TRUE
Uppsala,2023-43,2023,43,200,6,2,77,4.01392828410928,1.04072173487765,28.89126392880753,17,43,2314.4504863676552,FALSE
Uppsala,2023-44,2023,44,201,6,2,91,4.48823443417992,1.13542188369278,43.7243707642393,30,59,2234.9851196371114,FALSE
Uppsala,2023-45,2023,45,202,6,2,137,5.05401691614631,4.01392828410928,1.889990390761662,0,7,18254.71469660848,FALSE
Uppsala,2023-46,2023,46,203,6,2,130,5.27829003816764,4.48823443417992,141.7464568079575,108,182,137.97924754121078,TRUE
Uppsala,2023-47,2023,47,204,6,2,121,6.17227906073584,5.05401691614631,162.75109329440522,129,200,1743.1537912781287,FALSE
Uppsala,2023-48,2023,48,205,6,2,62,6.02347356145793,5.27829003816764,145.79892182360615,117,177,7022.2592987988555,FALSE
Uppsala,2023-49,2023,49,206,6,2,122,4.41242816377111,6.17227906073584,117.09427658152121,91,146,24.066122258611184,TRUE
Uppsala,2023-50,2023,50,207,6,2,109,12.8232442516884,6.02347356145793,114.98160639319255,91,141,35.77961504308198,TRUE
Uppsala,2023-51,2023,51,208,6,2,79,3.3752121210157,4.41242816377111,122.02582114566178,98,148,1851.2212852584764,FALSE
Uppsala,2023-52,2023,52,209,6,2,70,1.9436776939407,12.8232442516884,162.55345380674873,66,395,8566.141811557973,TRUE
Uppsala,2024-01,2024,1,210,6,2,38,2.09577578219366,3.3752121210157,103.90743612225506,81,128,4343.790136209132,FALSE
Uppsala,2024-02,2024,2,211,6,2,29,1.25148782475111,1.9436776939407,75.13606923665003,55,97,2128.5368846089655,FALSE
Uppsala,2024-03,2024,3,212,6,2,24,0.31832443828956,2.09577578219366,62.74887213541693,46,81,1501.4750917668907,FALSE
Västerås,2023-35,2023,35,192,5,1,18,0.8623376262668,1.36486126620785,8.652315592685413,3,16,87.37920377875226,FALSE
Västerås,2023-36,2023,36,193,5,1,24,1.13676177765597,0.8623376262668,10.51755824463742,4,21,181.7762356867444,FALSE
Västerås,2023-37,2023,37,194,5,1,23,1.55119941541254,1.13676177765597,14.840476899127388,7,24,66.5778172336738,TRUE
Västerås,2023-38,2023,38,195,5,1,20,1.09402951107531,1.55119941541254,13.99623203153737,6,26,36.04522981913791,TRUE
Västerås,2023-39,2023,39,196,5,1,15,0.761749071319246,1.09402951107531,21.52697385999623,12,33,42.60138776907407,TRUE
Västerås,2023-40,2023,40,197,5,1,19,0.429468631563186,0.761749071319246,22.195541057210093,11,37,10.2114826483154,TRUE
Västerås,2023-41,2023,41,198,5,1,28,0.699682483680545,0.429468631563186,21.006918450215984,10,38,48.903189561929615,TRUE
Västerås,2023-42,2023,42,199,5,1,35,2.89273015206315,0.699682483680545,22.74139642540105,13,34,150.27336159917016,FALSE
Västerås,2023-43,2023,43,200,5,1,71,2.51073818276656,2.89273015206315,9.069032279500377,2,27,3835.4447627975665,FALSE
Västerås,2023-44,2023,44,201,5,1,124,1.75642183523166,2.51073818276656,56.52647704995897,39,76,4552.676299289714,FALSE
Västerås,2023-45,2023,45,202,5,1,132,9.13537177408939,1.75642183523166,55.35225310366528,40,72,5874.877104284589,FALSE
Västerås,2023-46,2023,46,203,5,1,114,5.55214805126002,9.13537177408939,1418.245693073977,642,3124,1701056.8279020186,FALSE
Västerås,2023-47,2023,47,204,5,1,96,4.31273158314037,5.55214805126002,103.6359835591226,82,127,58.30824491519054,TRUE
Västerås,2023-48,2023,48,205,5,1,66,3.13465941618328,4.31273158314037,107.42249471612607,86,130,1715.823068507492,FALSE
Västerås,2023-49,2023,49,206,5,1,101,3.84790897111421,3.13465941618328,109.63337411543938,87,133,74.5351486171387,TRUE
Västerås,2023-50,2023,50,207,5,1,87,1.88382623972764,3.84790897111421,102.51188312230208,81,125,240.61851799996015,TRUE
Västerås,2023-51,2023,51,208,5,1,75,NA,1.88382623972764,79.47870983644933,58,103,20.05884179910795,TRUE
Västerås,2024-03,2024,3,212,5,1,18,0.299023378756201,0.233507435372767,66.20647934848773,38,108,2323.8646511761744,FALSE
Västerås,2023-35,2023,35,192,5,2,18,0.8623376262668,1.28506448521807,9.278730934375133,3,17,76.06053411502523,FALSE
Västerås,2023-36,2023,36,193,5,2,24,1.13676177765597,1.36486126620785,10.563910701272333,4,19,180.52849564338413,FALSE
Västerås,2023-37,2023,37,194,5,2,23,1.55119941541254,0.8623376262668,20.952503124546347,10,35,4.192243454992473,TRUE
Västerås,2023-38,2023,38,195,5,2,20,1.09402951107531,1.13676177765597,19.057483889710426,11,29,0.8883366181553889,TRUE
Västerås,2023-39,2023,39,196,5,2,15,0.761749071319246,1.55119941541254,19.207172257310816,9,35,17.70029840268579,TRUE
Västerås,2023-40,2023,40,197,5,2,19,0.429468631563186,1.09402951107531,21.16060626854963,12,32,4.668219447695948,TRUE
Västerås,2023-41,2023,41,198,5,2,28,0.699682483680545,0.761749071319246,23.550690792053107,12,39,19.796352427921008,TRUE
Västerås,2023-42,2023,42,199,5,2,35,2.89273015206315,0.429468631563186,33.759061806428434,17,58,1.539927600264661,TRUE
Västerås,2023-43,2023,43,200,5,2,71,2.51073818276656,0.699682483680545,28.29143083774818,17,41,1824.021879886847,FALSE
Västerås,2023-44,2023,44,201,5,2,124,1.75642183523166,2.89273015206315,4.149835646273047,0,13,14364.061895615363,FALSE
Västerås,2023-45,2023,45,202,5,2,132,9.13537177408939,2.51073818276656,97.34618075982536,74,123,1200.8871879306982,FALSE
Västerås,2023-46,2023,46,203,5,2,114,5.55214805126002,1.75642183523166,79.16514524893815,61,99,1213.4671055275767,FALSE
Västerås,2023-47,2023,47,204,5,2,96,4.31273158314037,9.13537177408939,1634.5988499149962,803,3341,2367286.4209597493,FALSE
Västerås,2023-48,2023,48,205,5,2,66,3.13465941618328,5.55214805126002,106.99438854976249,84,131,1680.539892568898,FALSE
Västerås,2023-49,2023,49,206,5,2,101,3.84790897111421,4.31273158314037,105.69969139167557,84,128,22.087099176989472,TRUE
Västerås,2023-50,2023,50,207,5,2,87,1.88382623972764,3.13465941618328,108.61779696807115,86,133,467.32914575274606,TRUE
Västerås,2023-51,2023,51,208,5,2,75,NA,3.84790897111421,94.62172132198243,74,116,385.0119476375401,TRUE
Västerås,2023-52,2023,52,209,5,2,48,NA,1.88382623972764,80.47275074083227,59,105,1054.4795406762225,FALSE
Västerås,2023-36,2023,36,193,6,1,24,1.13676177765597,0.8623376262668,10.51755824463742,4,21,181.7762356867444,FALSE
Västerås,2023-37,2023,37,194,6,1,23,1.55119941541254,1.13676177765597,13.388168815115964,6,22,92.38729872670925,FALSE
Västerås,2023-38,2023,38,195,6,1,20,1.09402951107531,1.55119941541254,20.00708632659325,9,36,5.0216024586194796e-5,TRUE
Västerås,2023-39,2023,39,196,6,1,15,0.761749071319246,1.09402951107531,20.154263601865505,11,31,26.56643327751557,TRUE
Västerås,2023-40,2023,40,197,6,1,19,0.429468631563186,0.761749071319246,22.077971828692228,11,37,9.473910578222975,TRUE
Västerås,2023-41,2023,41,198,6,1,28,0.699682483680545,0.429468631563186,21.43231210567275,10,39,43.134524277292705,TRUE
Västerås,2023-42,2023,42,199,6,1,35,2.89273015206315,0.699682483680545,23.217726394940463,13,35,138.82197130448264,TRUE
Västerås,2023-43,2023,43,200,6,1,71,2.51073818276656,2.89273015206315,9.864157658960362,2,28,3737.5912187484546,FALSE
Västerås,2023-44,2023,44,201,6,1,124,1.75642183523166,2.51073818276656,52.28934710938949,36,71,5142.4177379976245,FALSE
Västerås,2023-45,2023,45,202,6,1,132,9.13537177408939,1.75642183523166,50.47815668879763,36,66,6645.810936856229,FALSE
Västerås,2023-46,2023,46,203,6,1,114,5.55214805126002,9.13537177408939,2695.5596579535327,1260,5785,6664450.267573161,FALSE
Västerås,2023-47,2023,47,204,6,1,96,4.31273158314037,5.55214805126002,99.38737736253101,78,122,11.474325396187556,TRUE
Västerås,2023-48,2023,48,205,6,1,66,3.13465941618328,4.31273158314037,96.86074618797295,76,118,952.385655278487,FALSE
Västerås,2023-49,2023,49,206,6,1,101,3.84790897111421,3.13465941618328,101.21550166184976,80,123,0.04644096626000699,TRUE
Västerås,2023-50,2023,50,207,6,1,87,1.88382623972764,3.84790897111421,106.44892794715365,85,129,378.2607982935743,TRUE
Västerås,2023-51,2023,51,208,6,1,75,NA,1.88382623972764,100.45192570890441,78,125,647.8005222915893,FALSE
Västerås,2024-03,2024,3,212,6,1,18,0.299023378756201,0.233507435372767,68.46813353675235,40,110,2547.032502683467,FALSE
Västerås,2023-36,2023,36,193,6,2,24,1.13676177765597,1.36486126620785,10.563910701272333,4,19,180.52849564338413,FALSE
Västerås,2023-37,2023,37,194,6,2,23,1.55119941541254,0.8623376262668,20.952503124546347,10,35,4.192243454992473,TRUE
Västerås,2023-38,2023,38,195,6,2,20,1.09402951107531,1.13676177765597,16.94862431917301,9,26,9.310893545542374,TRUE
Västerås,2023-39,2023,39,196,6,2,15,0.761749071319246,1.55119941541254,21.874148397044664,11,38,47.25391618459172,TRUE
Västerås,2023-40,2023,40,197,6,2,19,0.429468631563186,1.09402951107531,20.58291524890104,11,31,2.505620685203436,TRUE
Västerås,2023-41,2023,41,198,6,2,28,0.699682483680545,0.761749071319246,23.488496546441944,12,39,20.35366341146627,TRUE
Västerås,2023-42,2023,42,199,6,2,35,2.89273015206315,0.429468631563186,30.6495450933635,16,52,18.9264578946776,TRUE
Västerås,2023-43,2023,43,200,6,2,71,2.51073818276656,0.699682483680545,27.912934272564026,17,40,1856.4952330003873,FALSE
Västerås,2023-44,2023,44,201,6,2,124,1.75642183523166,2.89273015206315,3.482555938489465,0,11,14524.45432311932,FALSE
Västerås,2023-45,2023,45,202,6,2,132,9.13537177408939,2.51073818276656,85.72506222130771,64,109,2141.369866421843,FALSE
Västerås,2023-46,2023,46,203,6,2,114,5.55214805126002,1.75642183523166,71.56176792055753,54,90,1801.0035420286201,FALSE
Västerås,2023-47,2023,47,204,6,2,96,4.31273158314037,9.13537177408939,2863.617708261858,1443,5690,7659707.779084618,FALSE
Västerås,2023-48,2023,48,205,6,2,66,3.13465941618328,5.55214805126002,103.46163668298436,82,127,1403.3742229679196,FALSE
Västerås,2023-49,2023,49,206,6,2,101,3.84790897111421,4.31273158314037,99.40410578932584,78,121,2.5468783316633012,TRUE
Västerås,2023-50,2023,50,207,6,2,87,1.88382623972764,3.13465941618328,111.61211944192388,90,135,605.7564234235275,FALSE
Västerås,2023-51,2023,51,208,6,2,75,NA,3.84790897111421,101.11173005942837,80,123,681.822446696455,FALSE
Västerås,2023-52,2023,52,209,6,2,48,NA,1.88382623972764,94.29080125045219,73,118,2142.838280408866,FALSE
Örebro,2023-35,2023,35,192,5,1,27,2.24994231790544,1.77888899139577,1.0552515175987232,0,54269,673.1299738150634,TRUE
Örebro,2023-36,2023,36,193,5,1,27,0.544506950116077,2.24994231790544,68.4350328741679,32,141,1716.8619492833748,FALSE
Örebro,2023-37,2023,37,194,5,1,28,0.535771197837145,0.544506950116077,4.739839916460911,0,13,541.0350471118653,FALSE
Örebro,2023-38,2023,38,195,5,1,31,1.50174026417807,0.535771197837145,27.958671675979296,15,45,9.249677974490583,TRUE
Örebro,2023-39,2023,39,196,5,1,20,0.95699726334095,1.50174026417807,27.861306516233196,17,40,61.800140142170505,TRUE
Örebro,2023-40,2023,40,197,5,1,14,0.883199258949263,0.95699726334095,27.38143817175261,17,40,179.0628875444378,FALSE
Örebro,2023-41,2023,41,198,5,1,18,1.68593766524214,0.883199258949263,24.36698033661949,14,36,40.53843860689925,TRUE
Örebro,2023-42,2023,42,199,5,1,41,1.9132266963591,1.68593766524214,14.113741591062862,6,27,722.870891232143,FALSE
Örebro,2023-43,2023,43,200,5,1,88,2.68780021346679,1.9132266963591,31.75491975309894,18,50,3163.50905198034,FALSE
Örebro,2023-44,2023,44,201,5,1,110,3.86061319669611,2.68780021346679,297.749620788509,178,495,35249.92010622893,FALSE
Örebro,2023-45,2023,45,202,5,1,127,9.4609752924841,3.86061319669611,403.3088252724259,278,579,76346.56692342799,FALSE
Örebro,2023-46,2023,46,203,5,1,164,8.05471404812396,9.4609752924841,2025.7336458589896,1049,3918,3466052.1681234054,FALSE
Örebro,2023-47,2023,47,204,5,1,130,6.61672243058524,8.05471404812396,151.7517959295473,123,184,473.14062616067105,TRUE
Örebro,2023-48,2023,48,205,5,1,69,6.12585220449702,6.61672243058524,132.484198602717,108,158,4030.2434722292132,FALSE
Örebro,2023-49,2023,49,206,5,1,145,3.79660068970483,6.12585220449702,119.28043910822066,96,143,661.4958124659452,FALSE
Örebro,2023-50,2023,50,207,5,1,113,3.83934153587765,3.79660068970483,110.42880481256152,85,138,6.611044691906783,TRUE
Örebro,2023-51,2023,51,208,5,1,83,NA,3.83934153587765,101.8307444055602,78,129,354.5969348675366,TRUE
Örebro,2024-02,2024,2,211,5,1,28,1.31779928507072,0.707662128095076,58.14972748752406,35,91,909.0060675719639,FALSE
Örebro,2024-03,2024,3,212,5,1,21,0.129446559633429,1.31779928507072,36.01560917779226,22,54,225.46851898019906,FALSE
Örebro,2023-36,2023,36,193,5,2,27,0.544506950116077,1.77888899139577,21053.96243741091,2,222524586,442133149.3442894,TRUE
Örebro,2023-37,2023,37,194,5,2,28,0.535771197837145,2.24994231790544,55.17898054161478,26,111,738.6969832814747,TRUE
Örebro,2023-38,2023,38,195,5,2,31,1.50174026417807,0.544506950116077,9.987878467268855,3,23,441.50925130626376,FALSE
Örebro,2023-39,2023,39,196,5,2,20,0.95699726334095,0.535771197837145,30.710641869698602,17,48,114.71784926094077,TRUE
Örebro,2023-40,2023,40,197,5,2,14,0.883199258949263,1.50174026417807,26.79697266235148,16,39,163.7625093209711,FALSE
Örebro,2023-41,2023,41,198,5,2,18,1.68593766524214,0.95699726334095,23.843609437532432,14,35,34.14777125841811,TRUE
Örebro,2023-42,2023,42,199,5,2,41,1.9132266963591,0.883199258949263,22.157150175279757,13,33,355.0529895169597,FALSE
Örebro,2023-43,2023,43,200,5,2,88,2.68780021346679,1.68593766524214,15.964740801865142,7,30,5189.078567742472,FALSE
Örebro,2023-44,2023,44,201,5,2,110,3.86061319669611,1.9132266963591,74.76252794449266,51,104,1241.6794368626606,FALSE
Örebro,2023-45,2023,45,202,5,2,127,9.4609752924841,2.68780021346679,301.09208956460066,198,452,30308.055648968937,FALSE
Örebro,2023-46,2023,46,203,5,2,164,8.05471404812396,3.86061319669611,352.9302699791482,255,483,35694.64691439382,FALSE
Örebro,2023-47,2023,47,204,5,2,130,6.61672243058524,9.4609752924841,1294.6314079859317,733,2292,1356366.3164672935,FALSE
Örebro,2023-48,2023,48,205,5,2,69,6.12585220449702,8.05471404812396,137.1355760255959,109,168,4642.456720339758,FALSE
Örebro,2023-49,2023,49,206,5,2,145,3.79660068970483,6.61672243058524,115.01600588113642,92,140,899.0399033200456,FALSE
Örebro,2023-50,2023,50,207,5,2,113,3.83934153587765,6.12585220449702,126.29261782599077,103,151,176.6936886678477,TRUE
Örebro,2023-51,2023,51,208,5,2,83,NA,3.79660068970483,154.2667967469593,124,189,5078.956318572409,FALSE
Örebro,2023-52,2023,52,209,5,2,81,NA,3.83934153587765,96.12009706532614,73,122,228.617335264884,TRUE
Örebro,2024-03,2024,3,212,5,2,21,0.129446559633429,0.707662128095076,53.258168948744455,30,86,1040.589463925741,FALSE
Örebro,2023-36,2023,36,193,6,1,27,0.544506950116077,2.24994231790544,68.4350328741679,32,141,1716.8619492833748,FALSE
Örebro,2023-37,2023,37,194,6,1,28,0.535771197837145,0.544506950116077,4.221317250904402,0,11,565.4257532821366,FALSE
Örebro,2023-38,2023,38,195,6,1,31,1.50174026417807,0.535771197837145,18.209486640732766,9,31,163.59723199359357,TRUE
Örebro,2023-39,2023,39,196,6,1,20,0.95699726334095,1.50174026417807,27.861306516233196,17,40,61.800140142170505,TRUE
Örebro,2023-40,2023,40,197,6,1,14,0.883199258949263,0.95699726334095,27.38143817175261,17,40,179.0628875444378,FALSE
Örebro,2023-41,2023,41,198,6,1,18,1.68593766524214,0.883199258949263,24.707600162945393,15,36,44.99189994594507,TRUE
Örebro,2023-42,2023,42,199,6,1,41,1.9132266963591,1.68593766524214,22.594257629448908,13,34,338.7713522110997,FALSE
Örebro,2023-43,2023,43,200,6,1,88,2.68780021346679,1.9132266963591,29.851538978283653,17,47,3381.243519194065,FALSE
Örebro,2023-44,2023,44,201,6,1,110,3.86061319669611,2.68780021346679,141.9276305277061,91,215,1019.3735911137105,TRUE
Örebro,2023-45,2023,45,202,6,1,127,9.4609752924841,3.86061319669611,439.2635566731655,303,632,97508.52882617524,FALSE
Örebro,2023-46,2023,46,203,6,1,164,8.05471404812396,9.4609752924841,3282.2407914276296,1778,6083,9723425.63332321,FALSE
Örebro,2023-47,2023,47,204,6,1,130,6.61672243058524,8.05471404812396,153.33927662236366,124,185,544.7218332552106,TRUE
Örebro,2023-48,2023,48,205,6,1,69,6.12585220449702,6.61672243058524,126.60999593424269,103,151,3318.9116315434594,FALSE
Örebro,2023-49,2023,49,206,6,1,145,3.79660068970483,6.12585220449702,117.56882908228505,95,141,752.4691379168905,FALSE
Örebro,2023-50,2023,50,207,6,1,113,3.83934153587765,3.79660068970483,112.50403313611893,89,137,0.24598313006801933,TRUE
Örebro,2023-51,2023,51,208,6,1,83,NA,3.83934153587765,111.67433717193994,88,137,822.2176122500965,FALSE
Örebro,2024-02,2024,2,211,6,1,28,1.31779928507072,0.707662128095076,100.09188593906595,65,146,5197.240018251295,FALSE
Örebro,2024-03,2024,3,212,6,1,21,0.129446559633429,1.31779928507072,44.72003780194502,30,62,562.6401933257007,FALSE
Örebro,2023-36,2023,36,193,6,2,27,0.544506950116077,1.77888899139577,21053.96243741091,2,222524586,442133149.3442894,TRUE
Örebro,2023-37,2023,37,194,6,2,28,0.535771197837145,2.24994231790544,55.17898054161478,26,111,738.6969832814747,TRUE
Örebro,2023-38,2023,38,195,6,2,31,1.50174026417807,0.544506950116077,6.3045609679421455,1,14,609.8647089860866,FALSE
Örebro,2023-39,2023,39,196,6,2,20,0.95699726334095,0.535771197837145,23.00795244206275,12,37,9.047777893711253,TRUE
Örebro,2023-40,2023,40,197,6,2,14,0.883199258949263,1.50174026417807,26.79697266235148,16,39,163.7625093209711,FALSE
Örebro,2023-41,2023,41,198,6,2,18,1.68593766524214,0.95699726334095,23.843609437532432,14,35,34.14777125841811,TRUE
Örebro,2023-42,2023,42,199,6,2,41,1.9132266963591,0.883199258949263,22.557313751436187,13,34,340.1326760629648,FALSE
Örebro,2023-43,2023,43,200,6,2,88,2.68780021346679,1.68593766524214,24.26405952932674,14,37,4062.270107681205,FALSE
Örebro,2023-44,2023,44,201,6,2,110,3.86061319669611,1.9132266963591,68.75537891526648,47,96,1701.1187684232452,FALSE
Örebro,2023-45,2023,45,202,6,2,127,9.4609752924841,2.68780021346679,264.2825220614233,184,377,18846.49086354518,FALSE
Örebro,2023-46,2023,46,203,6,2,164,8.05471404812396,3.86061319669611,395.1968440482946,283,547,53451.980697891464,FALSE
Örebro,2023-47,2023,47,204,6,2,130,6.61672243058524,9.4609752924841,2378.3576136205693,1398,4048,5055111.958725581,FALSE
Örebro,2023-48,2023,48,205,6,2,69,6.12585220449702,8.05471404812396,141.5588222863499,114,173,5264.782691582108,FALSE
Örebro,2023-49,2023,49,206,6,2,145,3.79660068970483,6.61672243058524,112.71272576044322,90,137,1042.468077820347,FALSE
Örebro,2023-50,2023,50,207,6,2,113,3.83934153587765,6.12585220449702,122.24620082179838,99,146,85.49222963702508,TRUE
Örebro,2023-51,2023,51,208,6,2,83,NA,3.79660068970483,137.48247881926116,112,165,2968.340498291241,FALSE
Örebro,2023-52,2023,52,209,6,2,81,NA,3.83934153587765,123.55815263089843,98,151,1811.1963553548474,FALSE
Örebro,2024-03,2024,3,212,6,2,21,0.129446559633429,0.707662128095076,45.6413492272225,27,70,607.1960917379388,FALSE
Östersund,2023-35,2023,35,192,5,1,6,3.7820568021743,3.89706188410046,7.264230775006435,2,14,1.5982794524733723,TRUE
Östersund,2023-36,2023,36,193,5,1,12,5.74524181277794,3.7820568021743,7.0499178224942485,2,14,24.503313564060083,TRUE
Östersund,2023-37,2023,37,194,5,1,4,2.73683670719845,5.74524181277794,4.649126008163222,0,13,0.42136457447391934,TRUE
Östersund,2023-38,2023,38,195,5,1,14,2.31433844907529,2.73683670719845,15.714893557702089,5,38,2.940859914248128,TRUE
Östersund,2023-39,2023,39,196,5,1,17,1.89184019095213,2.31433844907529,17.26838632034529,7,33,0.07203121694848431,TRUE
Östersund,2023-40,2023,40,197,5,1,17,1.53551523080482,1.89184019095213,20.350099243456906,10,36,11.223164941010536,TRUE
Östersund,2023-41,2023,41,198,5,1,18,6.26404817586427,1.53551523080482,21.096530629386955,11,35,9.58850193873157,TRUE
Östersund,2023-42,2023,42,199,5,1,34,9.99995098434603,6.26404817586427,3.828734181874845,0,12,910.3052810679675,FALSE
Östersund,2023-43,2023,43,200,5,1,47,12.1117798382959,9.99995098434603,60.422406472224864,28,122,180.16099550562393,TRUE
Östersund,2023-44,2023,44,201,5,1,80,19.6163188931918,12.1117798382959,63.226717649782024,40,94,281.34300080013384,TRUE
Östersund,2023-45,2023,45,202,5,1,58,37.9901880446219,19.6163188931918,213.85960320224825,135,331,24292.215910362273,FALSE
Östersund,2023-46,2023,46,203,5,1,33,21.5227237513764,37.9901880446219,199.11056336678786,111,353,27592.719262031645,FALSE
Östersund,2023-47,2023,47,204,5,1,33,14.0504579950188,21.5227237513764,48.081055113365686,34,64,227.4382233323733,FALSE
Östersund,2023-48,2023,48,205,5,1,15,16.9689706153745,14.0504579950188,56.896501801528444,41,75,1755.3168632054762,FALSE
Östersund,2023-49,2023,49,206,5,1,25,8.80818299354385,16.9689706153745,46.773068080321785,33,62,474.0664936303274,FALSE
Östersund,2023-50,2023,50,207,5,1,35,10.2394340508557,8.80818299354385,28.526815494986035,17,43,41.902117635952884,TRUE
Östersund,2023-51,2023,51,208,5,1,26,3.94749515018991,10.2394340508557,26.2059089827721,15,39,0.04239850918624139,TRUE
Östersund,2023-52,2023,52,209,5,1,18,3.1747877874093,3.94749515018991,26.68899109134679,14,45,75.49856618550388,TRUE
Östersund,2024-01,2024,1,210,5,1,9,2.40208042462869,3.1747877874093,24.18358002743132,13,39,230.54110244941126,FALSE
Östersund,2024-02,2024,2,211,5,1,5,1.65310475998641,2.40208042462869,16.993219373697638,8,28,143.83731094563637,FALSE
Östersund,2024-03,2024,3,212,5,1,2,0.473655783649767,1.65310475998641,8.444437267405604,3,16,41.53077169352621,FALSE
Östersund,2023-35,2023,35,192,5,2,6,3.7820568021743,4.01206696602662,7.214721246342248,2,14,1.475547706315264,TRUE
Östersund,2023-36,2023,36,193,5,2,12,5.74524181277794,3.89706188410046,6.806346673757273,2,13,26.974034873192146,TRUE
Östersund,2023-37,2023,37,194,5,2,4,2.73683670719845,3.7820568021743,7.777250730002749,3,14,14.267623077306302,TRUE
Östersund,2023-38,2023,38,195,5,2,14,2.31433844907529,5.74524181277794,8.327608138083951,2,19,32.17602943513142,TRUE
Östersund,2023-39,2023,39,196,5,2,17,1.89184019095213,2.73683670719845,4.835006736640599,1,12,147.9870610975796,FALSE
Östersund,2023-40,2023,40,197,5,2,17,1.53551523080482,2.31433844907529,10.939621979593037,4,22,36.728181750231826,TRUE
Östersund,2023-41,2023,41,198,5,2,18,6.26404817586427,1.89184019095213,15.095513817800978,7,27,8.4360399825850525,TRUE
Östersund,2023-42,2023,42,199,5,2,34,9.99995098434603,1.53551523080482,17.138522532646128,8,29,284.30942238208235,FALSE
Östersund,2023-43,2023,43,200,5,2,47,12.1117798382959,6.26404817586427,11.021045852028779,4,23,1294.4851415818157,FALSE
Östersund,2023-44,2023,44,201,5,2,80,19.6163188931918,9.99995098434603,80.82846985889975,42,150,0.686362307105374,TRUE
Östersund,2023-45,2023,45,202,5,2,58,37.9901880446219,12.1117798382959,109.98605278648843,78,150,2702.5496843195615,FALSE
Östersund,2023-46,2023,46,203,5,2,33,21.5227237513764,19.6163188931918,145.94669162812832,95,220,12756.955149739511,FALSE
Östersund,2023-47,2023,47,204,5,2,33,14.0504579950188,37.9901880446219,50.43754940810679,25,95,304.06812936016547,TRUE
Östersund,2023-48,2023,48,205,5,2,15,16.9689706153745,21.5227237513764,44.31145077163417,30,60,859.1611463379334,FALSE
Östersund,2023-49,2023,49,206,5,2,25,8.80818299354385,14.0504579950188,52.321469598310884,37,69,746.4627010114259,FALSE
Östersund,2023-50,2023,50,207,5,2,35,10.2394340508557,16.9689706153745,34.428799104096754,22,48,0.32627046348067085,TRUE
Östersund,2023-51,2023,51,208,5,2,26,3.94749515018991,8.80818299354385,25.952225833992745,15,41,0.0022823709376887202,TRUE
Östersund,2023-52,2023,52,209,5,2,18,3.1747877874093,10.2394340508557,25.12820442867769,15,38,50.81129837702024,TRUE
Östersund,2024-01,2024,1,210,5,2,9,2.40208042462869,3.94749515018991,26.100891192863184,13,44,292.4404795901456,FALSE
Östersund,2024-02,2024,2,211,5,2,5,1.65310475998641,3.1747877874093,11.479631551946131,4,21,41.98562504897583,TRUE
Östersund,2024-03,2024,3,212,5,2,2,0.473655783649767,2.40208042462869,8.492006804687424,3,16,42.14615235210782,FALSE
Östersund,2023-36,2023,36,193,6,1,12,5.74524181277794,3.7820568021743,7.0499178224942485,2,14,24.503313564060083,TRUE
Östersund,2023-37,2023,37,194,6,1,4,2.73683670719845,5.74524181277794,7.084779382351018,2,15,9.515863837777927,TRUE
Östersund,2023-38,2023,38,195,6,1,14,2.31433844907529,2.73683670719845,15.348714372279096,5,35,1.8190304579921952,TRUE
Östersund,2023-39,2023,39,196,6,1,17,1.89184019095213,2.31433844907529,17.077469412672745,7,33,0.00600150989986001,TRUE
Östersund,2023-40,2023,40,197,6,1,17,1.53551523080482,1.89184019095213,20.28703124908004,10,35,10.804574432428694,TRUE
Östersund,2023-41,2023,41,198,6,1,18,6.26404817586427,1.53551523080482,21.337338499899587,11,35,11.137828262912029,TRUE
Östersund,2023-42,2023,42,199,6,1,34,9.99995098434603,6.26404817586427,4.623256470296856,1,12,862.9930604099555,FALSE
Östersund,2023-43,2023,43,200,6,1,47,12.1117798382959,9.99995098434603,23.8079084879671,10,49,537.8731087025085,TRUE
Östersund,2023-44,2023,44,201,6,1,80,19.6163188931918,12.1117798382959,64.49976039926524,41,96,240.25742768018603,TRUE
Östersund,2023-45,2023,45,202,6,1,58,37.9901880446219,19.6163188931918,218.96694924833398,141,331,25910.358750315725,FALSE
Östersund,2023-46,2023,46,203,6,1,33,21.5227237513764,37.9901880446219,248.8428027780253,145,421,46588.11551107352,FALSE
Östersund,2023-47,2023,47,204,6,1,33,14.0504579950188,21.5227237513764,46.04811611399741,32,62,170.25333412435884,TRUE
Östersund,2023-48,2023,48,205,6,1,15,16.9689706153745,14.0504579950188,49.39298387767011,35,65,1182.8773400096763,FALSE
Östersund,2023-49,2023,49,206,6,1,25,8.80818299354385,16.9689706153745,45.52288520219504,32,61,421.1888170224762,FALSE
Östersund,2023-50,2023,50,207,6,1,35,10.2394340508557,8.80818299354385,48.817800545968325,33,67,190.93161192816254,TRUE
Östersund,2023-51,2023,51,208,6,1,26,3.94749515018991,10.2394340508557,31.297679800197848,20,45,28.06541126542431,TRUE
Östersund,2023-52,2023,52,209,6,1,18,3.1747877874093,3.94749515018991,24.95403112886105,14,38,48.35854894116849,TRUE
Östersund,2024-01,2024,1,210,6,1,9,2.40208042462869,3.1747877874093,21.79866327459799,12,35,163.8057816165433,FALSE
Östersund,2024-02,2024,2,211,6,1,5,1.65310475998641,2.40208042462869,17.293335328806464,9,28,151.1260935064811,FALSE
Östersund,2024-03,2024,3,212,6,1,2,0.473655783649767,1.65310475998641,12.732524077521225,6,22,115.18707307457282,FALSE
Östersund,2023-36,2023,36,193,6,2,12,5.74524181277794,3.89706188410046,6.806346673757273,2,13,26.974034873192146,TRUE
Östersund,2023-37,2023,37,194,6,2,4,2.73683670719845,3.7820568021743,7.777250730002749,3,14,14.267623077306302,TRUE
Östersund,2023-38,2023,38,195,6,2,14,2.31433844907529,5.74524181277794,9.069758899317193,3,18,24.307277310862013,TRUE
Östersund,2023-39,2023,39,196,6,2,17,1.89184019095213,2.73683670719845,5.586599618118726,1,14,130.26570827712763,FALSE
Östersund,2023-40,2023,40,197,6,2,17,1.53551523080482,2.31433844907529,10.967104840318344,4,22,36.39582400771036,TRUE
Östersund,2023-41,2023,41,198,6,2,18,6.26404817586427,1.89184019095213,14.58795964108976,6,26,11.642019410832315,TRUE
Östersund,2023-42,2023,42,199,6,2,34,9.99995098434603,1.53551523080482,17.10414064889072,8,29,285.4700632124669,FALSE
Östersund,2023-43,2023,43,200,6,2,47,12.1117798382959,6.26404817586427,7.069577141184772,2,16,1594.4386696837937,FALSE
Östersund,2023-44,2023,44,201,6,2,80,19.6163188931918,9.99995098434603,42.00021606925015,21,76,1443.9835787836744,FALSE
Östersund,2023-45,2023,45,202,6,2,58,37.9901880446219,12.1117798382959,112.90221936502356,80,155,3014.2536912051673,FALSE
Östersund,2023-46,2023,46,203,6,2,33,21.5227237513764,19.6163188931918,166.44430878692836,109,247,17807.383547621084,FALSE
Östersund,2023-47,2023,47,204,6,2,33,14.0504579950188,37.9901880446219,80.01662671439082,43,142,2210.563187600369,FALSE
Östersund,2023-48,2023,48,205,6,2,15,16.9689706153745,21.5227237513764,43.687029907440646,30,59,822.9456849103941,FALSE
Östersund,2023-49,2023,49,206,6,2,25,8.80818299354385,14.0504579950188,47.618862793813896,34,63,511.6129540853786,FALSE
Östersund,2023-50,2023,50,207,6,2,35,10.2394340508557,16.9689706153745,41.97970104120357,29,56,48.716226624578184,TRUE
Östersund,2023-51,2023,51,208,6,2,26,3.94749515018991,8.80818299354385,38.65598287233251,25,55,160.17390246477382,TRUE
Östersund,2023-52,2023,52,209,6,2,18,3.1747877874093,10.2394340508557,26.20029409056214,16,39,67.24482317170833,TRUE
Östersund,2024-01,2024,1,210,6,2,9,2.40208042462869,3.94749515018991,21.723067064116535,12,34,161.87643551800693,FALSE
Östersund,2024-02,2024,2,211,6,2,5,1.65310475998641,3.1747877874093,16.652919309841685,8,28,135.79052844168123,FALSE
Östersund,2024-03,2024,3,212,6,2,2,0.473655783649767,2.40208042462869,8.469562409447946,3,16,41.855237769741905,FALSE
Östhammar,2023-35,2023,35,192,5,1,22,5.9599562177539,3.16133356107115,18.387496231673158,10,29,13.050183476175636,TRUE
Östhammar,2023-36,2023,36,193,5,1,38,2.10425187960239,5.9599562177539,24.966652059609366,14,38,169.86815853528478,TRUE
Östhammar,2023-37,2023,37,194,5,1,31,2.46045979558169,2.10425187960239,16.51508225885086,8,26,209.81284196785708,FALSE
Östhammar,2023-38,2023,38,195,5,1,38,2.46879149228991,2.46045979558169,22.394685253739244,13,34,243.5258483298634,FALSE
Östhammar,2023-39,2023,39,196,5,1,16,2.4771231889981302,2.46879149228991,27.19772320564887,17,40,125.38900499032721,FALSE
Östhammar,2023-40,2023,40,197,5,1,22,9.30326718759343,2.4771231889981302,27.034113846100603,16,39,25.3423022155018,TRUE
Östhammar,2023-41,2023,41,198,5,1,33,2.99415786968713,9.30326718759343,51.061929047026624,24,101,326.2332808998241,TRUE
Östhammar,2023-42,2023,42,199,5,1,32,0.708604306542166,2.99415786968713,27.29460071526296,17,39,22.140782428803856,TRUE
Östhammar,2023-43,2023,43,200,5,1,77,4.36538171261178,0.708604306542166,25.333642406059486,14,38,2669.412507024935,FALSE
Östhammar,2023-44,2023,44,201,5,1,91,45.1625113697784,4.36538171261178,33.49539315728359,22,47,3306.779808135387,FALSE
Östhammar,2023-45,2023,45,202,5,1,137,71.3008511286103,45.1625113697784,6.120442202203376,0,42,17129.458649346787,FALSE
Östhammar,2023-46,2023,46,203,5,1,130,9.70037670706428,71.3008511286103,220.13424687330004,159,301,8124.182459416998,FALSE
Östhammar,2023-47,2023,47,204,5,1,121,12.2722204503765,9.70037670706428,75.47894470700612,57,95,2072.166474987806,FALSE
Östhammar,2023-48,2023,48,205,5,1,62,12.111127143839,12.2722204503765,101.4787871520895,80,124,1558.5746349999865,FALSE
Östhammar,2023-49,2023,49,206,5,1,122,9.00003127527977,12.111127143839,96.37827246297091,75,119,656.4729219817547,FALSE
Östhammar,2023-50,2023,50,207,5,1,109,5.90665318431309,9.00003127527977,103.03294879349005,80,127,35.60570010111185,TRUE
Östhammar,2023-51,2023,51,208,5,1,79,10.4522743540362,5.90665318431309,101.99463359719432,80,125,528.7531742692179,FALSE
Östhammar,2023-52,2023,52,209,5,1,70,4.23366838803801,10.4522743540362,99.27907559515933,78,122,857.2642677070545,FALSE
Östhammar,2024-01,2024,1,210,5,1,38,4.03934734723506,4.23366838803801,84.20555744932327,59,115,2134.953539202713,FALSE
Östhammar,2024-02,2024,2,211,5,1,29,2.43364970194741,4.03934734723506,52.535671076806175,36,72,553.9278130356107,FALSE
Östhammar,2024-03,2024,3,212,5,1,24,0.404494105402643,2.43364970194741,36.42708345888695,23,52,154.43240329414158,TRUE
Östhammar,2023-35,2023,35,192,5,2,22,5.9599562177539,2.89722513899753,17.74818589527065,9,29,18.07792318117543,TRUE
Östhammar,2023-36,2023,36,193,5,2,38,2.10425187960239,3.16133356107115,18.567916883957412,10,29,377.6058542287874,FALSE
Östhammar,2023-37,2023,37,194,5,2,31,2.46045979558169,5.9599562177539,18.58626684253859,9,30,154.10077090465686,FALSE
Östhammar,2023-38,2023,38,195,5,2,38,2.46879149228991,2.10425187960239,22.79191934218095,13,34,231.2857172947299,FALSE
Östhammar,2023-39,2023,39,196,5,2,16,2.4771231889981302,2.46045979558169,28.53340247392805,18,41,157.08617757346576,FALSE
Östhammar,2023-40,2023,40,197,5,2,22,9.30326718759343,2.46879149228991,28.366718011359026,17,41,40.535098236163435,TRUE
Östhammar,2023-41,2023,41,198,5,2,33,2.99415786968713,2.4771231889981302,28.23441294998823,17,41,22.710819931239893,TRUE
Östhammar,2023-42,2023,42,199,5,2,32,0.708604306542166,9.30326718759343,32.36671183756521,14,69,0.13447757181045467,TRUE
Östhammar,2023-43,2023,43,200,5,2,77,4.36538171261178,2.99415786968713,27.727154716081397,17,40,2427.8132823729793,FALSE
Östhammar,2023-44,2023,44,201,5,2,91,45.1625113697784,0.708604306542166,36.511237326705306,23,52,2969.025257666633,FALSE
Östhammar,2023-45,2023,45,202,5,2,137,71.3008511286103,4.36538171261178,45.282177068747934,31,61,8412.159043248508,FALSE
Östhammar,2023-46,2023,46,203,5,2,130,9.70037670706428,45.1625113697784,4.2467420769570285,0,23,15813.881878259368,FALSE
Östhammar,2023-47,2023,47,204,5,2,121,12.2722204503765,71.3008511286103,153.74502823423296,108,213,1072.2368740607137,TRUE
Östhammar,2023-48,2023,48,205,5,2,62,12.111127143839,9.70037670706428,105.2229262632907,83,129,1868.221354761865,FALSE
Östhammar,2023-49,2023,49,206,5,2,122,9.00003127527977,12.2722204503765,102.20984754421794,81,125,391.65013422309687,TRUE
Östhammar,2023-50,2023,50,207,5,2,109,5.90665318431309,12.111127143839,110.10173788752323,88,134,1.2138263728041454,TRUE
Östhammar,2023-51,2023,51,208,5,2,79,10.4522743540362,9.00003127527977,98.17582741195909,76,122,367.71235693324167,TRUE
Östhammar,2023-52,2023,52,209,5,2,70,4.23366838803801,5.90665318431309,90.41266729518094,70,112,416.67698610374947,TRUE
Östhammar,2024-01,2024,1,210,5,2,38,4.03934734723506,10.4522743540362,91.85782435064169,72,113,2900.6652437845732,FALSE
Östhammar,2024-02,2024,2,211,5,2,29,2.43364970194741,4.23366838803801,50.647340029915355,33,73,468.60733037077574,FALSE
Östhammar,2024-03,2024,3,212,5,2,24,0.404494105402643,4.03934734723506,41.16893308830197,27,58,294.7722633905902,FALSE
Östhammar,2023-36,2023,36,193,6,1,38,2.10425187960239,5.9599562177539,24.966652059609366,14,38,169.86815853528478,TRUE
Östhammar,2023-37,2023,37,194,6,1,31,2.46045979558169,2.10425187960239,17.78386091486613,9,28,174.66633231760318,FALSE
Östhammar,2023-38,2023,38,195,6,1,38,2.46879149228991,2.46045979558169,21.002639463632047,12,31,288.9102652032787,FALSE
Östhammar,2023-39,2023,39,196,6,1,16,2.4771231889981302,2.46879149228991,25.844366784674687,16,38,96.91155739120623,TRUE
Östhammar,2023-40,2023,40,197,6,1,22,9.30326718759343,2.4771231889981302,24.808505504109103,15,36,7.887703166611128,TRUE
Östhammar,2023-41,2023,41,198,6,1,33,2.99415786968713,9.30326718759343,49.745021254025495,23,99,280.39573679776555,TRUE
Östhammar,2023-42,2023,42,199,6,1,32,0.708604306542166,2.99415786968713,28.242158737464997,17,40,14.121370954410663,TRUE
Östhammar,2023-43,2023,43,200,6,1,77,4.36538171261178,0.708604306542166,26.52986757482705,16,39,2547.234267014494,FALSE
Östhammar,2023-44,2023,44,201,6,1,91,45.1625113697784,4.36538171261178,33.4721340037011,22,47,3309.4553660881234,FALSE
Östhammar,2023-45,2023,45,202,6,1,137,71.3008511286103,45.1625113697784,12.335311786494424,1,87,15541.284487370554,FALSE
Östhammar,2023-46,2023,46,203,6,1,130,9.70037670706428,71.3008511286103,243.1240832675884,176,330,12797.05821513227,FALSE
Östhammar,2023-47,2023,47,204,6,1,121,12.2722204503765,9.70037670706428,66.46609179218646,50,85,2973.9471444182327,FALSE
Östhammar,2023-48,2023,48,205,6,1,62,12.111127143839,12.2722204503765,87.05575985242359,68,108,627.7911017823219,FALSE
Östhammar,2023-49,2023,49,206,6,1,122,9.00003127527977,12.111127143839,93.25047368020616,73,115,826.535263612519,FALSE
Östhammar,2023-50,2023,50,207,6,1,109,5.90665318431309,9.00003127527977,100.41566062331685,79,123,73.6908825340728,TRUE
Östhammar,2023-51,2023,51,208,6,1,79,10.4522743540362,5.90665318431309,103.15465605204363,81,126,583.4474089925282,FALSE
Östhammar,2023-52,2023,52,209,6,1,70,4.23366838803801,10.4522743540362,98.83167878834136,78,121,831.2657017540934,FALSE
Östhammar,2024-01,2024,1,210,6,1,38,4.03934734723506,4.23366838803801,91.03124814028084,65,123,2812.31327931604,FALSE
Östhammar,2024-02,2024,2,211,6,1,29,2.43364970194741,4.03934734723506,57.73131156500299,40,78,825.4882642452745,FALSE
Östhammar,2024-03,2024,3,212,6,1,24,0.404494105402643,2.43364970194741,36.18041087924757,23,52,148.36240918729249,TRUE
Östhammar,2023-36,2023,36,193,6,2,38,2.10425187960239,3.16133356107115,18.567916883957412,10,29,377.6058542287874,FALSE
Östhammar,2023-37,2023,37,194,6,2,31,2.46045979558169,5.9599562177539,18.58626684253859,9,30,154.10077090465686,FALSE
Östhammar,2023-38,2023,38,195,6,2,38,2.46879149228991,2.10425187960239,24.476938067041523,14,36,182.87320404263065,FALSE
Östhammar,2023-39,2023,39,196,6,2,16,2.4771231889981302,2.46045979558169,26.820119570537116,16,39,117.07498752072031,TRUE
Östhammar,2023-40,2023,40,197,6,2,22,9.30326718759343,2.46879149228991,25.76191971495117,16,37,14.152039941738286,TRUE
Östhammar,2023-41,2023,41,198,6,2,33,2.99415786968713,2.4771231889981302,27.000179109162804,17,39,35.997850722126444,TRUE
Östhammar,2023-42,2023,42,199,6,2,32,0.708604306542166,9.30326718759343,34.382442416710184,15,72,5.6760318689398614,TRUE
Östhammar,2023-43,2023,43,200,6,2,77,4.36538171261178,2.99415786968713,27.910256690222013,17,40,2409.8028982198925,FALSE
Östhammar,2023-44,2023,44,201,6,2,91,45.1625113697784,0.708604306542166,36.99862844860536,24,52,2916.1481294317746,FALSE
Östhammar,2023-45,2023,45,202,6,2,137,71.3008511286103,4.36538171261178,40.190642862608414,27,55,9372.051629355032,FALSE
Östhammar,2023-46,2023,46,203,6,2,130,9.70037670706428,45.1625113697784,8.44037368388403,1,47,14776.742750113754,FALSE
Östhammar,2023-47,2023,47,204,6,2,121,12.2722204503765,71.3008511286103,171.07701620902657,122,235,2507.7075523991093,FALSE
Östhammar,2023-48,2023,48,205,6,2,62,12.111127143839,9.70037670706428,89.98112894446261,70,111,782.9435770066433,FALSE
Östhammar,2023-49,2023,49,206,6,2,122,9.00003127527977,12.2722204503765,97.43088124221217,77,119,603.641596534282,FALSE
Östhammar,2023-50,2023,50,207,6,2,109,5.90665318431309,12.111127143839,106.18474508125387,85,129,7.925660257524306,TRUE
Östhammar,2023-51,2023,51,208,6,2,79,10.4522743540362,9.00003127527977,109.0868668381922,87,132,905.2195561391092,FALSE
Östhammar,2023-52,2023,52,209,6,2,70,4.23366838803801,5.90665318431309,91.70476087447275,71,114,471.0966446180433,FALSE
Östhammar,2024-01,2024,1,210,6,2,38,4.03934734723506,10.4522743540362,88.07045773008181,68,109,2507.0507372999095,FALSE
Östhammar,2024-02,2024,2,211,6,2,29,2.43364970194741,4.23366838803801,47.19462404458324,30,68,331.0443441237267,FALSE
Östhammar,2024-03,2024,3,212,6,2,24,0.404494105402643,4.03934734723506,38.68916310847987,25,55,215.77151282752592,FALSE
